,Asx Code,Company Name,Finacial Year,Revenue Increase %,industry,pricediff
0,MOQ,MOQ LIMITED,6/30/2016,886.0,Software & Services,-7.758492896849907
1,1ST,1ST GROUP LIMITED,6/30/2016,561.0,Health Care Equipment & Services,-23.382352941176464
2,T3D,333D LIMITED,6/30/2016,186.0,Commercial & Professional Services,-44.11414982164088
3,TGP,360 CAPITAL GROUP,6/30/2016,36.0,Real Estate,3.0048770575086357
4,TDO,3D OIL LIMITED,6/30/2015,304.0,Energy,-42.610132158590304
5,4DS,4DS MEMORY LIMITED,6/30/2016,1053815.0,Semiconductors & Semiconductor Equipment,13.725099601593627
6,5GN,5G NETWORKS LIMITED,6/30/2018,29187071.999999996,Telecommunication Services,0.0
7,8IH,8I HOLDINGS LTD,3/31/2016,140.0,Diversified Financials,-46.919393088204814
8,9SP,9 SPOKES INTERNATIONAL LIMITED,3/31/2016,632.0,Software & Services,-14.675984752223632
9,ACB,A-CAP RESOURCES LIMITED,6/30/2017,71.0,Energy,-13.277310924369745
10,AYI,A1 INVESTMENTS & RESOURCES LTD,6/30/2016,313.0,Diversified Financials,0.0
11,ABL,ABILENE OIL AND GAS LIMITED,6/30/2015,40.0,Energy,-43.902195608782414
12,ABT,ABUNDANT PRODUCE LIMITED,6/30/2018,149.0,"Food, Beverage & Tobacco",0.0
13,AX1,ACCENT GROUP LIMITED,6/26/2016,225.99999999999997,Retailing,-40.945871727588944
14,ACS,ACCENT RESOURCES NL,6/30/2016,54.0,Materials,-53.274735181428895
15,ACF,ACROW FORMWORK AND CONSTRUCTION SERVICES LIMITED,6/30/2018,533922.0,Capital Goods,0.0
16,ACW,ACTINOGEN MEDICAL LIMITED,6/30/2016,2476.0,"Pharmaceuticals, Biotechnology & Life Sciences",-8.339160839160837
17,AIV,ACTIVEX LIMITED,6/30/2016,32.0,Materials,83.92802056555273
18,1AD,ADALTA LIMITED,6/30/2017,143.0,"Pharmaceuticals, Biotechnology & Life Sciences",31.796445880452335
19,ADR,ADHERIUM LIMITED,6/30/2018,150.0,Health Care Equipment & Services,0.0
20,AHZ,ADMEDUS LTD,6/30/2016,40.0,Health Care Equipment & Services,-29.248103012186714
21,ANO,ADVANCE NANOTEK LIMITED,6/30/2018,36.0,Materials,0.0
22,ABV,ADVANCED BRAKING TECHNOLOGY LTD,6/30/2017,50.0,Automobiles & Components,-22.941176470588225
23,AER,AEERIS LTD,6/30/2016,49.0,Software & Services,-53.41514360313316
24,AEI,AERIS ENVIRONMENTAL LTD,6/30/2016,72.0,Commercial & Professional Services,-30.04481290611697
25,AIS,AERIS RESOURCES LIMITED,6/30/2018,40.0,Materials,0.0
26,APT,AFTERPAY TOUCH GROUP LIMITED,6/30/2016,5700.0,Software & Services,
27,AGJ,AGRICULTURAL LAND TRUST,6/30/2016,121.0,Real Estate,-11.521739130434776
28,AMN,AGRIMIN LIMITED,6/30/2015,128.0,Materials,111.77111111111107
29,APW,AIMS PROPERTY SECURITIES FUND,6/30/2018,162.0,Real Estate,0.0
30,AJL,AJ LUCAS GROUP LIMITED,6/30/2018,70.0,Capital Goods,0.0
31,AUQ,ALARA RESOURCES LIMITED,6/30/2016,260.0,Materials,-9.943714821763598
32,ACL,ALCHEMIA LIMITED,6/30/2016,339.0,"Pharmaceuticals, Biotechnology & Life Sciences",-42.20705346985209
33,AJX,ALEXIUM INTERNATIONAL GROUP LIMITED,6/30/2016,4970.0,Materials,-22.343287909539
34,AQI,ALICANTO MINERALS LIMITED,6/30/2016,643.0,Materials,-5.4182697592612925
35,AGS,ALLIANCE RESOURCES LIMITED,6/30/2016,214.0,Materials,-39.15949960906959
36,AZI,ALTA ZINC LIMITED,6/30/2015,32.0,Materials,-1.330989452536414
37,AMA,AMA GROUP LIMITED,6/30/2016,184.0,Retailing,5.8906483417986255
38,ANL,AMANI GOLD LIMITED,6/30/2017,620.0,Materials,-58.023044269254086
39,AYS,AMAYSIM AUSTRALIA LIMITED,6/30/2018,77.0,Telecommunication Services,0.0
40,ALT,ANALYTICA LIMITED,6/30/2016,96.0,Health Care Equipment & Services,-10.12738853503184
41,ANR,ANATARA LIFESCIENCES LTD,6/30/2016,3889.0,"Pharmaceuticals, Biotechnology & Life Sciences",-2.5180814041458612
42,ATM,ANEKA TAMBANG (PERSERO) TBK (PT),12/31/2017,39.0,Materials,
43,AWV,ANOVA METALS LIMITED,6/30/2017,200.0,Materials,-49.113418530351424
44,ASN,ANSON RESOURCES LIMITED,6/30/2017,352900.0,Materials,156.42276422764235
45,ADO,ANTEO DIAGNOSTICS LIMITED,6/30/2016,360.0,"Pharmaceuticals, Biotechnology & Life Sciences",-52.81003584229391
46,AZY,ANTIPA MINERALS LIMITED,6/30/2016,957.0,Materials,-26.955085865257605
47,APA,APA GROUP,6/30/2016,35.0,Utilities,2.419815354926428
48,ATL,APOLLO TOURISM & LEISURE LTD,6/30/2017,76.0,Automobiles & Components,13.687895516359232
49,APX,APPEN LIMITED,12/31/2015,62.0,Software & Services,164.7282608695652
50,AD1,APPLYDIRECT LIMITED,6/30/2018,148.0,Software & Services,0.0
51,AQS,AQUIS ENTERTAINMENT LIMITED,12/31/2015,4983.0,Consumer Services,-44.522628642281475
52,AXE,ARCHER EXPLORATION LIMITED,6/30/2018,133.0,Materials,0.0
53,AXT,ARGO EXPLORATION LIMITED,6/30/2016,430.0,Materials,-55.5153046896939
54,AGY,ARGOSY MINERALS LIMITED,12/31/2017,716.0,Materials,143.06119136503816
55,ARA,ARIADNE AUSTRALIA LIMITED,6/30/2016,45.0,Commercial & Professional Services,97.42764146219334
56,ALL,ARISTOCRAT LEISURE LIMITED,9/30/2015,90.0,Consumer Services,56.865308804204986
57,AWN,AROWANA INTERNATIONAL LIMITED,6/30/2016,49.0,Capital Goods,-10.150239392438502
58,AMD,ARROW MINERALS LTD,6/30/2003,290.0,Materials,
59,ARV,ARTEMIS RESOURCES LIMITED,6/30/2015,2249.0,Materials,5.694214876033056
60,AFA,ASF GROUP LIMITED,6/30/2016,244.0,Diversified Financials,-27.54236006051438
61,AJJ,ASIAN AMERICAN MEDICAL GROUP LIMITED,8/31/2015,65.0,Health Care Equipment & Services,11.029465930018421
62,APZ,ASPEN GROUP,6/30/2015,222.00000000000003,Real Estate,-12.736493300677136
63,ATR,ASTRON CORPORATION LIMITED,6/30/2017,306.0,Materials,14.873487348734873
64,AHN,ATHENA RESOURCES LIMITED,6/30/2015,56.99999999999999,Materials,124.99999999999993
65,ALX,ATLAS ARTERIA,12/31/2016,48.0,Transportation,13.946390306619403
66,ATP,ATLAS PEARLS LTD,6/30/2016,52.0,Consumer Durables & Apparel,-19.332985930171965
67,AVC,AUCTUS ALTERNATIVE INVESTMENTS LIMITED,6/30/2016,129.0,Diversified Financials,-24.001708914839075
68,ACP,AUDALIA RESOURCES LIMITED,6/30/2015,31.0,Materials,-53.54555852077768
69,AD8,AUDINATE GROUP LIMITED,6/30/2016,48.0,Technology Hardware & Equipment,
70,AU8,AUMAKE INTERNATIONAL LIMITED,6/30/2018,1653.0,Retailing,0.0
71,AEE,AURA ENERGY LIMITED,6/30/2015,130.0,Energy,-0.46491228070175417
72,AMI,AURELIA METALS LIMITED,6/30/2016,595.0,Materials,81.59651898734182
73,AOU,AUROCH MINERALS LTD,6/30/2015,181.0,Materials,66.28602501359434
74,ABW,AURORA ABSOLUTE RETURN FUND,6/30/2016,263.0,Not Applic,-18.585302965191218
75,ARM,AURORA MINERALS LIMITED,6/30/2016,480.0,Materials,-6.239743132358192
76,AQD,AUSQUEST LIMITED,6/30/2017,3399.0,Materials,51.01886792452827
77,AGD,AUSTRAL GOLD LIMITED,6/30/2017,81.0,Materials,-31.50207468879669
78,AAC,AUSTRALIAN AGRICULTURAL COMPANY LIMITED.,3/31/2016,45.0,"Food, Beverage & Tobacco",-0.7717238139971818
79,ABX,AUSTRALIAN BAUXITE LIMITED.,12/31/2015,252.99999999999997,Materials,-37.183048433048434
80,AHF,AUSTRALIAN DAIRY FARMS GROUP,6/30/2016,261.0,"Food, Beverage & Tobacco",-37.75663716814159
81,AFG,AUSTRALIAN FINANCE GROUP LTD,6/30/2006,59.0,Banks,
82,ALF,AUSTRALIAN LEADERS FUND LIMITED,6/30/2016,252.0,Diversified Financials,-15.871180735370272
83,AQC,AUSTRALIAN PACIFIC COAL LIMITED,6/30/2016,1829.0,Materials,-44.91601123595505
84,ARC,AUSTRALIAN RURAL CAPITAL LIMITED,6/30/2016,750.0,Diversified Financials,-2.156355077336919
85,AOF,AUSTRALIAN UNITY OFFICE FUND,6/30/2018,48.0,Real Estate,0.0
86,AVL,AUSTRALIAN VANADIUM LIMITED,6/30/2016,45.0,Materials,17.165991902833994
87,ANS,AUSTSINO RESOURCES GROUP LIMITED,6/30/2017,840.0,Materials,78.5714285714285
88,AVA,AVA RISK GROUP LIMITED,6/30/2018,54.0,Technology Hardware & Equipment,0.0
89,AVN,AVENTUS RETAIL PROPERTY FUND,6/30/2016,802.0,Real Estate,5.663288094829066
90,AOG,AVEO GROUP,6/30/2016,49.0,Real Estate,-12.570355822550841
91,AVH,AVITA MEDICAL LTD,6/30/2018,40.0,"Pharmaceuticals, Biotechnology & Life Sciences",0.0
92,AVJ,AVJENNINGS LIMITED,6/30/2016,33.0,Real Estate,14.510970979988418
93,AVQ,AXIOM MINING LIMITED,9/30/2016,157.0,Materials,-15.271978829755954
94,AXL,AXSESSTODAY LIMITED,6/30/2016,6146.0,Diversified Financials,17.525291828793772
95,AZS,AZURE MINERALS LIMITED,6/30/2015,861.0,Materials,64.02102803738315
96,BBN,BABY BUNTING GROUP LIMITED,6/26/2016,31.0,Retailing,-26.181194184072627
97,BTI,BAILADOR TECHNOLOGY INVESTMENTS LIMITED,6/30/2016,94.0,Diversified Financials,1.8321219641907467
98,BAP,BAPCOR LIMITED,6/30/2016,83.0,Retailing,5.891455972101134
99,BAR,BARRA RESOURCES LIMITED,6/30/2015,4430.0,Materials,426.46511627906943
100,BST,BARRACK ST INVESTMENTS LIMITED,6/30/2015,8163339.999999999,Not Applic,10.526928048255067
101,BAS,BASS OIL LIMITED,6/30/2017,5438.0,Energy,85.1724137931034
102,BMH,BAUMART HOLDINGS LIMITED,6/30/2017,307.0,Capital Goods,4.0137221269296735
103,BCI,BCI MINERALS LIMITED,6/30/2017,57.99999999999999,Materials,-13.614114968696644
104,BPT,BEACH ENERGY LIMITED,6/30/2018,92.0,Energy,0.0
105,BCN,BEACON MINERALS LIMITED,6/30/2015,433.0,Materials,11.276595744680845
106,BAL,BELLAMY'S AUSTRALIA LIMITED,6/30/2016,87.0,"Food, Beverage & Tobacco",-36.0436826240229
107,BLT,BENITEC BIOPHARMA LIMITED,6/30/2017,174.0,"Pharmaceuticals, Biotechnology & Life Sciences",20.508825319537422
108,BEL,BENTLEY CAPITAL LIMITED,6/30/2016,36.0,Diversified Financials,-16.99079903147699
109,BKY,BERKELEY ENERGIA LIMITED,6/30/2017,86.0,Energy,-3.9612350687401383
110,BID,BIDENERGY LIMITED,6/30/2016,68.0,Software & Services,-72.60999999999999
111,BTH,BIGTINCAN HOLDINGS LIMITED,6/30/2016,36.0,Software & Services,
112,BIN,BINGO INDUSTRIES LIMITED,6/30/2016,40.0,Commercial & Professional Services,
113,BNO,BIONOMICS LIMITED,6/30/2017,41.0,"Pharmaceuticals, Biotechnology & Life Sciences",21.931737040034278
114,BIS,BISALLOY STEEL GROUP LIMITED,6/30/2018,38.0,Materials,0.0
115,BSN,BISAN LIMITED,6/30/2016,303.0,Diversified Financials,
116,BKL,BLACKMORES LIMITED,6/30/2016,54.0,Household & Personal Products,-19.27508411408458
117,BWF,BLACKWALL LIMITED,6/30/2017,61.0,Diversified Financials,8.732479930570623
118,BWR,BLACKWALL PROPERTY TRUST,6/30/2016,44.0,Real Estate,-1.9112429477112778
119,BCT,BLUECHIIP LIMITED,6/30/2016,360.0,Technology Hardware & Equipment,28.315068493150665
120,BLG,BLUGLASS LIMITED,6/30/2017,86.0,Semiconductors & Semiconductor Equipment,24.898013245033123
121,BMG,BMG RESOURCES LIMITED,6/30/2017,6418.000000000001,Materials,18.513931888544874
122,BDA,BOD AUSTRALIA LIMITED,6/30/2017,156.0,Retailing,169.5881517549199
123,BAH,BOJUN AGRICULTURE HOLDINGS LIMITED,9/30/2015,53.0,"Food, Beverage & Tobacco",
124,BLD,BORAL LIMITED.,6/30/2018,35.0,Materials,0.0
125,BOE,BOSS RESOURCES LIMITED,6/30/2016,53.0,Materials,17.407264296754256
126,B2Y,BOUNTY MINING LIMITED,6/30/2016,11199.0,Materials,
127,BUY,BOUNTY OIL & GAS NL,6/30/2017,164.0,Energy,-17.002724795640315
128,BRB,BREAKER RESOURCES NL,6/30/2016,93991.0,Materials,114.63364361702126
129,BBL,BRISBANE BRONCOS LIMITED,12/31/2017,38.0,Media,4.4577522559474945
130,BPL,BROKEN HILL PROSPECTING LIMITED,6/30/2016,79.0,Materials,-36.31657690005985
131,BEE,BROO LTD,6/30/2017,90.0,"Food, Beverage & Tobacco",-43.32132963988919
132,BUB,BUBS AUSTRALIA LIMITED,6/30/2016,101.0,"Food, Beverage & Tobacco",457.65079365079384
133,BIQ,"BUILDINGIQ, INC",12/31/2015,200.99999999999997,Software & Services,-50.71287128712871
134,BRU,BURU ENERGY LIMITED,12/31/2017,3504.0,Energy,55.70370370370371
135,BUX,BUXTON RESOURCES LIMITED,6/30/2016,1030.0,Materials,122.82721382289424
136,BMP,BUYMYPLACE.COM.AU LIMITED,6/30/2017,94.0,Real Estate,-41.47317073170733
137,BWX,BWX LIMITED,6/30/2016,95.0,Household & Personal Products,25.548694606664384
138,BPG,BYTE POWER GROUP LIMITED,6/30/2017,32.0,Retailing,
139,CXL,CALIX LIMITED,6/30/2016,78.0,Not Applic,
140,CAN,CANN GROUP LIMITED,6/30/2018,17753.0,"Pharmaceuticals, Biotechnology & Life Sciences",0.0
141,CAE,CANNINDAH RESOURCES LIMITED,6/30/2017,47.0,Materials,53.55113636363641
142,CAQ,CAQ HOLDINGS LIMITED,12/31/2015,219.0,Real Estate,-12.177880386983281
143,CVV,CARAVEL MINERALS LIMITED,6/30/2016,1696.0,Materials,-25.715261958997715
144,CRB,CARBINE RESOURCES LIMITED,12/31/2017,74.0,Materials,-53.71527777777778
145,CG1,CARBONXT GROUP LIMITED,6/30/2016,3105.0,Materials,
146,CDV,CARDINAL RESOURCES LIMITED,6/30/2016,729.0,Materials,76.61059190031153
147,CAV,CARNAVALE RESOURCES LIMITED,6/30/2015,99.0,Materials,-21.646039603960386
148,CCE,CARNEGIE CLEAN ENERGY LIMITED,6/30/2017,366.0,Utilities,-46.5459514861633
149,CMD,CASSIUS MINING LIMITED,6/30/2016,267.0,Materials,-2.2053691275167795
150,CYL,CATALYST METALS LIMITED,6/30/2015,2109.0,Materials,63.93914680050188
151,CAT,CATAPULT GROUP INTERNATIONAL LTD,6/30/2016,54.0,Technology Hardware & Equipment,-33.85462555066078
152,CXU,CAULDRON ENERGY LIMITED,6/30/2017,397.0,Energy,-19.682539682539677
153,CBC,CBG CAPITAL LIMITED,6/30/2016,512.0,Not Applic,1.2159545358871815
154,CT1,CCP TECHNOLOGIES LIMITED,6/30/2017,1604.0,Technology Hardware & Equipment,-14.19354838709677
155,CDY,CELLMID LIMITED,6/30/2016,72.0,"Pharmaceuticals, Biotechnology & Life Sciences",-1.4502487562189053
156,CLA,CELSIUS RESOURCES LIMITED.,6/30/2017,190.0,Materials,171.99558985667042
157,CTL,CENTENNIAL MINING LIMITED,6/30/2016,685.0,Materials,
158,CTP,CENTRAL PETROLEUM LIMITED,6/30/2015,177.0,Energy,-17.94310099573258
159,CNI,CENTURIA CAPITAL GROUP,6/30/2017,139.0,Diversified Financials,11.773100029343176
160,CIP,CENTURIA INDUSTRIAL REIT,6/30/2016,50.0,Real Estate,-3.053989245749165
161,CMA,CENTURIA METROPOLITAN REIT,6/30/2015,53.0,Real Estate,2.0658085569253086
162,CHN,CHALICE GOLD MINES LIMITED,6/30/2015,463.0,Materials,33.83166666666666
163,CGF,CHALLENGER LIMITED,6/30/2017,44.0,Diversified Financials,-3.7894959698761475
164,CWL,CHANT WEST HOLDINGS LIMITED,6/30/2016,134.0,Software & Services,-62.17023255813953
165,CHP,CHAPMANS LIMITED,12/31/2015,504.0,Diversified Financials,-34.114942528735625
166,CHC,CHARTER HALL GROUP,6/30/2016,52.0,Real Estate,12.93506892447107
167,CLW,CHARTER HALL LONG WALE REIT,6/30/2017,195.0,Real Estate,0.12950519242516798
168,CHZ,CHESSER RESOURCES LIMITED,6/30/2015,117.0,Materials,5.178160919540231
169,CMC,CHINA MAGNESIUM CORPORATION LIMITED,6/30/2017,16106.0,Materials,4.766269477543536
170,CDH,CHONGHERR INVESTMENTS LTD,12/31/2015,42.0,Materials,38.229508196721305
171,CRO,CIRRALTO LIMITED,6/30/2018,695.0,Software & Services,0.0
172,CNW,CIRRUS NETWORKS HOLDINGS LIMITED,6/30/2016,31.0,Software & Services,-30.72463768115941
173,CVL,CIVMEC LIMITED,6/30/2018,113.99999999999999,Capital Goods,0.0
174,CL1,CLASS LIMITED,6/30/2016,45.0,Software & Services,1.8432685431970357
175,CSS,CLEAN SEAS SEAFOOD LIMITED,6/30/2016,63.0,"Food, Beverage & Tobacco",17.559496033597764
176,CLQ,CLEAN TEQ HOLDINGS LIMITED,6/30/2016,84.0,Commercial & Professional Services,160.16361735493982
177,CVW,CLEARVIEW WEALTH LIMITED,6/30/2017,36.0,Diversified Financials,-8.985034013605441
178,CUV,CLINUVEL PHARMACEUTICALS LIMITED,6/30/2016,106.0,"Pharmaceuticals, Biotechnology & Life Sciences",37.80004393029728
179,CLV,CLOVER CORPORATION LIMITED,7/31/2016,43.0,Health Care Equipment & Services,13.767100293747378
180,CGR,CML GROUP LIMITED,6/30/2017,48.0,Commercial & Professional Services,68.21641337386018
181,CDA,CODAN LIMITED,6/30/2017,33.0,Technology Hardware & Equipment,18.52054794520548
182,CL8,COLLABORATE CORPORATION LIMITED,6/30/2016,46.0,Software & Services,53.30170777988613
183,COM,COMOPS LIMITED,12/31/2015,31.0,Software & Services,-16.323387872954758
184,CNJ,CONICO LTD,6/30/2016,140.0,Materials,77.9184861717613
185,CIO,CONNECTED IO LIMITED,6/30/2016,7238233.0,Technology Hardware & Equipment,-27.459610027855156
186,CXZ,CONNEXION MEDIA LIMITED,6/30/2016,457.0,Software & Services,-67.3652616468746
187,COG,CONSOLIDATED OPERATIONS GROUP LIMITED,6/30/2015,95.0,Not Applic,24.679159568427025
188,CGA,CONTANGO ASSET MANAGEMENT LIMITED,6/30/2017,37609.0,Diversified Financials,-47.089565687511275
189,COE,COOPER ENERGY LIMITED,6/30/2017,71.0,Energy,14.693634741225464
190,COY,COPPERMOLY LIMITED,6/30/2016,64.0,Materials,99.88913525498887
191,CTD,CORPORATE TRAVEL MANAGEMENT LIMITED,6/30/2016,34.0,Consumer Services,38.57360657974718
192,CVT,COVATA LIMITED,6/30/2018,237.0,Software & Services,0.0
193,CZR,COZIRON RESOURCES LIMITED,6/30/2016,223.0,Materials,88.33333333333329
194,CRD,CREDIBLE LABS INC.,12/31/2015,3236.9999999999995,Diversified Financials,
195,CLI,CROPLOGIC LIMITED,3/31/2016,137.0,Commercial & Professional Services,
196,CUX,CROSSLAND STRATEGIC METALS LTD,12/31/2015,149.0,Materials,-35.09132420091321
197,CM8,CROWD MOBILE LIMITED,6/30/2015,31.0,Media,-23.396165619461907
198,CV1,CV CHECK LTD,6/30/2016,171.0,Software & Services,-54.58711433756806
199,CVC,CVC LIMITED,6/30/2018,38.0,Diversified Financials,0.0
200,CYQ,CYCLIQ GROUP LTD,6/30/2016,110.00000000000001,Consumer Durables & Apparel,-84.6918367346939
201,CY5,CYGNUS GOLD LIMITED,12/31/2017,196.0,Materials,
202,CYP,CYNATA THERAPEUTICS LIMITED,6/30/2016,285.0,"Pharmaceuticals, Biotechnology & Life Sciences",32.568958245466035
203,DCN,DACIAN GOLD LIMITED,6/30/2017,147.0,Materials,33.0456658463221
204,DAU,DAMPIER GOLD LIMITED,6/30/2017,56.00000000000001,Materials,-1.5950920245398765
205,DHR,DARK HORSE RESOURCES LIMITED,6/30/2015,1023.0,Materials,0.0
206,DTM,DART MINING NL,6/30/2016,200.0,Materials,-33.717693836978114
207,DEG,DE GREY MINING LIMITED,6/30/2017,38.0,Materials,71.32015810276684
208,DSX,DECIMAL SOFTWARE LIMITED,6/30/2016,117.0,Software & Services,-26.12950699043415
209,D13,DEPARTMENT 13 INTERNATIONAL LTD,6/30/2017,179.0,Capital Goods,-27.024164184045016
210,DGH,DESANE GROUP HOLDINGS LIMITED,6/30/2016,144.0,Real Estate,47.823255813953494
211,DXS,DEXUS,6/30/2015,49.0,Real Estate,14.550108524811023
212,DGR,DGR GLOBAL LIMITED,6/30/2016,130.0,Materials,170.09098428453274
213,DMC,DIGIMATIC GROUP LIMITED,3/31/2018,57.99999999999999,Software & Services,0.0
214,DXB,DIMERIX LIMITED,6/30/2016,156.0,"Pharmaceuticals, Biotechnology & Life Sciences",1.2226809130645941
215,DCL,DOMACOM LIMITED,6/30/2016,10732.0,Diversified Financials,-50.618834080717484
216,DHG,DOMAIN HOLDINGS AUSTRALIA LIMITED.,6/24/2018,105.0,Software & Services,0.0
217,DMP,DOMINO'S PIZZA ENTERPRISES LIMITED,7/3/2016,32.0,Consumer Services,-18.27976557147709
218,DNA,DONACO INTERNATIONAL LIMITED,6/30/2016,650.0,Consumer Services,-9.37961882535978
219,DRM,DORAY MINERALS LIMITED,6/30/2017,40.0,Materials,8.285714285714286
220,DVL,DORSAVI LTD,6/30/2016,122.0,"Pharmaceuticals, Biotechnology & Life Sciences",-14.095744680851068
221,DOW,DOWNER EDI LIMITED,6/30/2018,66.0,Commercial & Professional Services,0.0
222,DTS,DRAGONTAIL SYSTEMS LIMITED,12/31/2015,71.0,Software & Services,
223,DRK,DRAKE RESOURCES LIMITED,6/30/2015,36.0,Materials,-51.75003755445398
224,DN8,DREAMSCAPE NETWORKS LIMITED,6/30/2018,33.0,Software & Services,0.0
225,DRO,DRONESHIELD LIMITED,12/31/2015,3245.0000000000005,Technology Hardware & Equipment,
226,DSE,DROPSUITE LIMITED,12/31/2015,384.0,Software & Services,62.231231231231206
227,DUB,DUBBER CORPORATION LIMITED,6/30/2016,636.0,Software & Services,-34.615806805708004
228,D2O,DUXTON WATER LIMITED,12/31/2017,225.0,Utilities,7.401403249630721
229,DWS,DWS LIMITED,6/30/2016,54.0,Software & Services,25.236517117398773
230,E2M,E2 METALS LIMITED,6/30/2016,44.0,Materials,
231,EHH,EAGLE HEALTH HOLDINGS LIMITED,12/31/2015,43.0,Household & Personal Products,
232,EER,EAST ENERGY RESOURCES LIMITED,6/30/2016,826.0,Energy,11.490514905149046
233,EAS,EASTON INVESTMENTS LIMITED,6/30/2018,195.0,Diversified Financials,0.0
234,ECG,ECARGO HOLDINGS LIMITED,12/31/2015,249.00000000000003,Commercial & Professional Services,-3.6832479882955367
235,EAR,ECHO RESOURCES LIMITED,6/30/2015,50.0,Materials,125.46541025051708
236,EPM,ECLIPSE METALS LIMITED.,6/30/2017,81.0,Energy,-6.683804627249354
237,ECX,ECLIPX GROUP LIMITED,9/30/2015,68.0,Diversified Financials,12.028529309746794
238,EDE,EDEN INNOVATIONS LTD,6/30/2018,38.0,Energy,0.0
239,EGA,EGAN STREET RESOURCES LIMITED,6/30/2017,2975.0,Materials,-2.8931185944363107
240,EDC,EILDON CAPITAL LIMITED,6/30/2016,65.0,Diversified Financials,
241,ENN,ELANOR INVESTORS GROUP,6/30/2017,39.0,Consumer Services,-6.8300735689933605
242,ERF,ELANOR RETAIL PROPERTY FUND,6/30/2017,146.0,Real Estate,-2.7415730337078665
243,ELT,ELEMENTOS LIMITED,6/30/2015,665.0,Materials,-10.291262135922324
244,EXL,ELIXINOL GLOBAL LIMITED,6/30/2004,32.0,Household & Personal Products,
245,ELO,ELMO SOFTWARE LIMITED,6/30/2017,36.0,Software & Services,107.36006963042315
246,EMB,EMBELTON LIMITED,6/30/2018,34.0,Capital Goods,0.0
247,EHL,EMECO HOLDINGS LIMITED,6/30/2018,94.0,Capital Goods,0.0
248,EMR,EMERALD RESOURCES NL,6/30/2016,6602.0,Materials,16.14742014742015
249,EML,EML PAYMENTS LIMITED,6/30/2016,61.0,Software & Services,16.386666666666667
250,ERM,EMMERSON RESOURCES LIMITED,6/30/2015,69.0,Materials,152.74719101123583
251,EME,ENERGY METALS LTD,12/31/2016,92.0,Energy,37.819095477386945
252,EOL,ENERGY ONE LIMITED,6/30/2018,71.0,Software & Services,0.0
253,ENE,ENEVIS LIMITED,6/30/2016,338.0,Capital Goods,-27.204596665164487
254,EXO,ENNOX GROUP LTD,6/30/2015,257.0,Diversified Financials,-57.37113402061852
255,ETE,ENTEK ENERGY LTD,6/30/2017,498.00000000000006,Energy,-15.900826446280993
256,ECT,ENVIRONMENTAL CLEAN TECHNOLOGIES LIMITED.,6/30/2016,567.0,Commercial & Professional Services,-13.425814234016881
257,EHE,ESTIA HEALTH LIMITED,6/30/2016,55.00000000000001,Health Care Equipment & Services,-28.161858630888585
258,ESK,ETHERSTACK PLC,12/31/2016,169.0,Software & Services,0.14454545454545462
259,EGH,EUREKA GROUP HOLDINGS LIMITED,6/30/2016,78.0,Real Estate,-40.51562068012165
260,EUC,EUROPEAN COBALT LTD,6/30/2015,155.0,Materials,-89.15078933043006
261,EUR,EUROPEAN LITHIUM LIMITED,6/30/2016,12699903.0,Materials,14.99725274725275
262,EZL,EUROZ LIMITED,6/30/2017,41.0,Diversified Financials,8.290642969158391
263,ED1,EVANS DIXON LIMITED,6/30/2018,39.0,Diversified Financials,0.0
264,EVE,EVE INVESTMENTS LIMITED,6/30/2017,4800.0,Diversified Financials,51.00817438692095
265,EVN,EVOLUTION MINING LIMITED,6/30/2016,100.0,Materials,12.547275054864668
266,EVO,EVOLVE EDUCATION GROUP LIMITED,3/31/2016,248.0,Consumer Services,-4.030460008288438
267,EXP,EXPERIENCE CO LIMITED,6/30/2016,122.0,Consumer Services,32.15021129466001
268,FTT,FACTOR THERAPEUTICS LIMITED,6/30/2017,803.9999999999999,"Pharmaceuticals, Biotechnology & Life Sciences",-24.120281509916833
269,FFC,FARMAFORCE LIMITED,6/30/2016,453.0,Health Care Equipment & Services,-29.225874867444332
270,FBR,FASTBRICK ROBOTICS LTD,6/30/2016,31.0,Capital Goods,181.3015332197616
271,FFG,FATFISH INTERNET GROUP LTD,12/31/2016,366.0,Diversified Financials,-29.337816864976713
272,FEI,FE INVESTMENTS GROUP LIMITED,3/31/2016,56.00000000000001,Technology Hardware & Equipment,-64.95312930796801
273,FTZ,FERTOZ LIMITED,6/30/2015,20355.0,Materials,-29.980735551663756
274,FID,FIDUCIAN GROUP LIMITED,6/30/2016,35.0,Diversified Financials,61.44133962002496
275,FSG,FIELD SOLUTIONS HOLDINGS LIMITED,6/30/2016,70.0,Telecommunication Services,-13.979710144927555
276,FND,FINDERS RESOURCES LIMITED,12/31/2016,1118.0,Materials,28.86724565756824
277,FTC,FINTECH CHAIN LIMITED,3/31/2018,63.0,Software & Services,0.0
278,FAU,FIRST AU LIMITED,12/31/2016,6743.000000000001,Materials,3.9875695125940447
279,FGF,FIRST GROWTH FUNDS LIMITED,6/30/2016,261.0,Not Applic,-4.9532710280373795
280,FCT,FIRSTWAVE CLOUD TECHNOLOGY LIMITED,6/30/2016,37.0,Software & Services,-56.199886299033544
281,FGO,FLAMINGO AI LIMITED,6/30/2017,196.0,Software & Services,-12.55105829929447
282,FRX,FLEXIROAM LIMITED,3/31/2016,70.0,Telecommunication Services,-37.778546712802765
283,FLK,FOLKESTONE LIMITED,6/30/2017,263.0,Real Estate,6.675824175824176
284,FNP,FREEDOM FOODS GROUP LIMITED,6/30/2016,86.0,"Food, Beverage & Tobacco",6.15305334846765
285,FIG,FREEDOM INSURANCE GROUP LTD,6/30/2017,86.0,Insurance,-42.06247442368025
286,FLN,FREELANCER LIMITED,12/31/2015,48.0,Software & Services,13.665865745607448
287,FPL,FREMONT PETROLEUM CORPORATION LIMITED,6/30/2015,67.0,Energy,-65.11457731561717
288,FNT,FRONTIER RESOURCES LIMITED,6/30/2016,1362.0,Materials,-13.874345549738223
289,FGX,FUTURE GENERATION INVESTMENT COMPANY LIMITED,12/31/2017,80.0,Not Applic,12.467306015693111
290,GEM,G8 EDUCATION LIMITED,12/31/2015,42.0,Consumer Services,0.2783494105037514
291,GCM,GARDA CAPITAL GROUP,6/30/2017,31.0,Not Applic,20.946110295659466
292,GGX,GAS2GRID LIMITED,6/30/2015,1381.0,Energy,-44.320557491289165
293,GCY,GASCOYNE RESOURCES LIMITED,6/30/2015,63.0,Materials,422.0207468879669
294,GTY,GATEWAY LIFESTYLE GROUP,6/30/2015,242.0,Real Estate,4.617556123134831
295,GDI,GDI PROPERTY GROUP,6/30/2015,41.0,Real Estate,2.0551247118004614
296,GMD,GENESIS MINERALS LIMITED,6/30/2016,79.0,Materials,-3.5041322314049594
297,GES,GENESIS RESOURCES LIMITED,6/30/2016,304.0,Materials,-35.37988581466841
298,GSS,GENETIC SIGNATURES LIMITED,6/30/2016,62.0,"Pharmaceuticals, Biotechnology & Life Sciences",-28.337725381414703
299,GTK,GENTRACK GROUP LIMITED,9/30/2017,43.0,Software & Services,42.45791245791245
300,GMA,GENWORTH MORTGAGE INSURANCE AUSTRALIA LIMITED,12/31/2015,33.0,Banks,-18.874363597793806
301,GPR,GEOPACIFIC RESOURCES LTD,12/31/2017,106.0,Materials,-6.378504672897194
302,GSW,GETSWIFT LIMITED,6/30/2017,212.0,Software & Services,-32.72778245023831
303,GSC,GLOBAL GEOSCIENCE LIMITED,6/30/2017,4065.0,Materials,115.22851153039828
304,GMG,GOODMAN GROUP,6/30/2016,33.0,Real Estate,16.878049446796883
305,GOW,GOWING BROS LIMITED,7/31/2016,65.0,Diversified Financials,0.622828226033174
306,GRR,GRANGE RESOURCES LIMITED.,12/31/2016,34.0,Materials,56.61749022396017
307,GPX,GRAPHEX MINING LIMITED,6/30/2017,585.0,Materials,-18.50544412607449
308,GSN,GREAT SOUTHERN MINING LIMITED,6/30/2016,318.0,Materials,1.8580192813321637
309,GGG,GREENLAND MINERALS LIMITED,12/31/2017,53.0,Materials,-21.758865248226943
310,GTR,GTI RESOURCES LIMITED,12/31/2015,312.0,Materials,-8.929633300297315
311,GUL,GULLEWA LIMITED,6/30/2017,695.0,Materials,57.834146341463395
312,HHM,HAMPTON HILL MINING NL,6/30/2015,1241.0,Materials,25.082304526748953
313,HSN,HANSEN TECHNOLOGIES LIMITED,6/30/2016,40.0,Software & Services,-7.901133654454337
314,HT8,HARRIS TECHNOLOGY GROUP LIMITED,6/30/2016,45.0,Retailing,-42.84495599187543
315,HE8,HELIOS ENERGY LTD,6/30/2015,51.0,Energy,6.959595959595956
316,HOM,HOMELOANS LIMITED,6/30/2017,51.0,Banks,30.4302925989673
317,HOT,HOTCOPPER HOLDINGS LIMITED,6/30/2017,41.0,Software & Services,24.842562432138976
318,HRL,HRL HOLDINGS LTD,6/30/2016,80.0,Commercial & Professional Services,-18.980273141122915
319,HT1,HT&E LIMITED,12/31/2017,57.99999999999999,Media,-5.586246606893146
320,HUB,HUB24 LIMITED,6/30/2016,49.0,Diversified Financials,47.553890415664725
321,HTA,HUTCHISON TELECOMMUNICATIONS (AUSTRALIA) LIMITED,12/31/2015,455.99999999999994,Telecommunication Services,3.185096153846154
322,HCO,HYLEA METALS LIMITED,6/30/2017,38.0,Materials,-27.220216606498173
323,IBN,IBUYNEW GROUP LIMITED,6/30/2016,2899.0,Real Estate,-64.54668470906626
324,ICI,ICANDY INTERACTIVE LIMITED,12/31/2016,665.0,Software & Services,-41.10891089108914
325,ICQ,ICAR ASIA LIMITED,12/31/2015,123.0,Media,-29.551041885918757
326,ICT,ICOLLEGE LIMITED,6/30/2018,52.0,Consumer Services,0.0
327,ID8,IDENTITII LIMITED,6/30/2017,623.0,Class Pend,
328,IDT,IDT AUSTRALIA LIMITED,6/30/2018,39.0,"Pharmaceuticals, Biotechnology & Life Sciences",0.0
329,IKW,IKWEZI MINING LIMITED,6/30/2015,1426.0,Energy,12.100456621004557
330,ILU,ILUKA RESOURCES LIMITED,12/31/2017,39.0,Materials,24.649207165701252
331,IBX,IMAGION BIOSYSTEMS LIMITED,12/31/2017,2825375.0,Health Care Equipment & Services,-47.69070010449321
332,IME,IMEXHS LIMITED,12/31/2017,44.0,Software & Services,
333,IMF,IMF BENTHAM LIMITED,6/30/2016,43.0,Diversified Financials,35.31118355065196
334,IMC,IMMURON LIMITED,6/30/2017,39.0,"Pharmaceuticals, Biotechnology & Life Sciences",9.982608695652173
335,IMM,IMMUTEP LIMITED,6/30/2016,32.0,"Pharmaceuticals, Biotechnology & Life Sciences",-30.947126436781605
336,IMS,IMPELUS LIMITED,6/30/2016,85.0,Software & Services,-76.76457180071635
337,IHL,IMPRESSION HEALTHCARE LIMITED,6/30/2017,208.0,Health Care Equipment & Services,-38.83116883116882
338,IMU,IMUGENE LIMITED,6/30/2016,145.0,"Pharmaceuticals, Biotechnology & Life Sciences",60.54307116104865
339,IAB,INABOX GROUP LIMITED,6/30/2016,37.0,Telecommunication Services,-15.370725034199724
340,INP,INCENTIAPAY LIMITED,6/30/2017,120.0,Software & Services,-60.43359482693803
341,INK,INDAGO ENERGY LIMITED,12/31/2016,73.0,Energy,45.765578635014855
342,IGO,INDEPENDENCE GROUP NL,6/30/2018,84.0,Materials,0.0
343,IDZ,INDOOR SKYDIVE AUSTRALIA GROUP LIMITED,6/30/2015,430.0,Consumer Services,-7.628787878787879
344,IDR,INDUSTRIA REIT,6/30/2017,34.0,Real Estate,10.29694467382329
345,INA,INGENIA COMMUNITIES GROUP,6/30/2015,69.0,Real Estate,7.4042693179326
346,IHR,INTELLIHR HOLDINGS LIMITED,6/30/2016,88.0,Software & Services,
347,IEC,INTRA ENERGY CORPORATION LIMITED,6/30/2015,32.0,Energy,-25.14102564102562
348,IOF,INVESTA OFFICE FUND,6/30/2015,56.99999999999999,Real Estate,9.239071697384928
349,INV,INVESTSMART GROUP LIMITED,6/30/2016,47.0,Diversified Financials,-7.148936170212764
350,IVO,INVIGOR GROUP LIMITED,12/31/2015,573.0,Media,-60.23016063294172
351,IVX,INVION LIMITED,6/30/2018,637.0,"Pharmaceuticals, Biotechnology & Life Sciences",0.0
352,IOD,IODM LIMITED,6/30/2017,215.0,Class Pend,6.0465116279069715
353,IPH,IPH LIMITED,6/30/2016,74.0,Commercial & Professional Services,-23.618945102260493
354,IQ3,IQ3CORP LIMITED,6/30/2016,271.0,Diversified Financials,-4.573084352865424
355,IBC,IRONBARK CAPITAL LIMITED,6/30/2017,24971.0,Diversified Financials,-2.628378873342612
356,ISX,ISIGNTHIS LTD,6/30/2016,1433.0,Software & Services,-21.205718395971946
357,JIP,JACK-IN GROUP LIMITED,3/31/2015,98.0,Capital Goods,
358,JAL,JAMESON RESOURCES LIMITED,6/30/2016,121.0,Materials,140.1710526315791
359,JAN,JANISON EDUCATION GROUP LIMITED,6/30/2017,35.0,Software & Services,59.98882681564254
360,JHL,JAYEX HEALTHCARE LIMITED,12/31/2015,84.0,Health Care Equipment & Services,-59.18181818181818
361,JAY,JAYRIDE GROUP LIMITED,6/30/2016,118.0,Retailing,
362,JBH,JB HI-FI LIMITED,6/30/2017,42.0,Retailing,2.024972686124552
363,JRV,JERVOIS MINING LIMITED,6/30/2017,50.0,Materials,116.94841269841258
364,JJF,JIAJIAFU MODERN AGRICULTURE LIMITED,6/30/2018,32.0,"Food, Beverage & Tobacco",0.0
365,JYC,JOYCE CORPORATION LTD,6/30/2016,63.0,Retailing,30.17672281776417
366,KAI,KAIROS MINERALS LIMITED,6/30/2015,95.0,Materials,-11.777777777777775
367,KPO,KALINA POWER LIMITED,6/30/2018,235.0,Utilities,0.0
368,KGM,KALNORTH GOLD MINES LIMITED,6/30/2016,16738.0,Materials,-37.253983130271784
369,KPT,KANGAROO ISLAND PLANTATION TIMBERS LTD,6/30/2017,118.0,Materials,-0.08613024147851105
370,KAT,KATANA CAPITAL LIMITED,6/30/2018,336.0,Not Applic,0.0
371,KPC,KAZAKHSTAN POTASH CORPORATION LIMITED,12/31/2016,109.00000000000001,Materials,-52.85682125168845
372,KZA,KAZIA THERAPEUTICS LIMITED,6/30/2016,90.0,"Pharmaceuticals, Biotechnology & Life Sciences",-48.60591672753834
373,KPG,KELLY PARTNERS GROUP HOLDINGS LIMITED,6/30/2017,43.0,Commercial & Professional Services,-7.6707932141219635
374,KEY,KEY PETROLEUM LIMITED,6/30/2015,59.0,Energy,-42.17506631299732
375,KDR,KIDMAN RESOURCES LIMITED,6/30/2017,491.0,Materials,131.4926398429833
376,KIN,KIN MINING NL,6/30/2017,788.0,Materials,-35.49722222222223
377,KLO,KINGSLAND GLOBAL LTD,3/31/2017,35.0,Real Estate,-23.1968054763263
378,KRM,KINGSROSE MINING LIMITED,6/30/2015,770.0,Materials,-34.08595548733692
379,KLA,KIRKLAND LAKE GOLD LTD,12/31/2016,132.0,Materials,
380,KNO,KNOSYS LIMITED,6/30/2018,168.0,Software & Services,0.0
381,KGN,KOGAN.COM LTD,6/30/2017,37.0,Retailing,184.6833273316528
382,KKT,KONEKT LIMITED,6/30/2018,68.0,Health Care Equipment & Services,0.0
383,KYK,KYCKR LIMITED,6/30/2017,5308.0,Software & Services,1.5150884495317372
384,LKO,LAKES OIL NL,6/30/2017,52.0,Energy,51.26760563380279
385,LMW,LANDMARK WHITE LIMITED,6/30/2018,72.0,Real Estate,0.0
386,LBL,LASERBOND LIMITED,6/30/2017,31.0,Capital Goods,0.14384508990318126
387,LAA,LATAM AUTOS LIMITED,12/31/2015,426.99999999999994,Software & Services,-20.24755501222494
388,LBT,LBT INNOVATIONS LIMITED,6/30/2016,225.99999999999997,Health Care Equipment & Services,26.543371522094922
389,LEX,LEFROY EXPLORATION LIMITED,6/30/2016,250.0,Materials,61.49333826794974
390,LIC,LIFESTYLE COMMUNITIES LIMITED,6/30/2017,44.0,Real Estate,28.97499428571429
391,LNK,LINK ADMINISTRATION HOLDINGS LIMITED,6/30/2016,32.0,Software & Services,1.8514765200936216
392,LIT,LITHIUM AUSTRALIA NL,6/30/2016,576.0,Materials,-26.600952380952368
393,LCA,LITIGATION CAPITAL MANAGEMENT LIMITED,6/30/2017,225.99999999999997,Diversified Financials,21.090783569209528
394,LVH,LIVEHIRE LIMITED,6/30/2016,204.0,Software & Services,209.61098398169335
395,LVT,LIVETILES LIMITED,6/30/2016,177.0,Software & Services,13.095571095571096
396,LCT,LIVING CELL TECHNOLOGIES LIMITED,6/30/2017,39.0,"Pharmaceuticals, Biotechnology & Life Sciences",-78.04283360790771
397,LPE,LOCALITY PLANNING ENERGY HOLDINGS LIMITED,6/30/2016,2840.0,Utilities,-24.11976047904192
398,LON,LONGTABLE GROUP LIMITED,6/30/2016,79.0,"Food, Beverage & Tobacco",-30.515811088295678
399,LVE,LOVE GROUP GLOBAL LTD,6/30/2016,84.0,Software & Services,-51.41773288439956
400,LYL,LYCOPODIUM LIMITED,6/30/2017,74.0,Capital Goods,34.878845838570406
401,LYC,LYNAS CORPORATION LIMITED,6/30/2016,32.0,Materials,88.41325172964342
402,M7T,MACH7 TECHNOLOGIES LIMITED,6/30/2017,453.0,Health Care Equipment & Services,7.200663349917081
403,MAH,MACMAHON HOLDINGS LIMITED,6/30/2018,96.0,Materials,0.0
404,MRN,MACQUARIE MEDIA LIMITED,6/30/2016,38.0,Media,23.743288590604017
405,MFG,MAGELLAN FINANCIAL GROUP LIMITED,6/30/2018,33.0,Diversified Financials,0.0
406,MGU,MAGNUM MINING AND EXPLORATION LIMITED,12/31/2015,4743.0,Materials,26.87546607009693
407,MAI,MAINSTREAM GROUP HOLDINGS LIMITED,6/30/2016,59.0,Diversified Financials,-16.876397881106534
408,MGP,MANAGED ACCOUNTS HOLDINGS LIMITED,6/30/2018,120.0,Diversified Financials,0.0
409,MMM,MARLEY SPOON AG,12/31/2016,646.0,Consumer Services,
410,MYE,MASTERMYNE GROUP LIMITED,6/30/2018,62.0,Materials,0.0
411,MSP,MAXSEC GROUP LIMITED,6/30/2017,74.0,Technology Hardware & Equipment,-15.29411764705882
412,MYX,MAYNE PHARMA GROUP LIMITED,6/30/2016,89.0,"Pharmaceuticals, Biotechnology & Life Sciences",-36.53894381480587
413,MEA,MCGRATH LIMITED,6/30/2016,41.0,Real Estate,-45.34577581092566
414,MMR,MEC RESOURCES LIMITED,6/30/2017,155.0,Energy,-28.273328434974275
415,MDR,MEDADVISOR LIMITED,6/30/2017,198.0,Health Care Equipment & Services,27.225130890052345
416,MEB,MEDIBIO LIMITED,6/30/2016,589.0,"Pharmaceuticals, Biotechnology & Life Sciences",10.119988462647825
417,MVP,MEDICAL DEVELOPMENTS INTERNATIONAL LIMITED,6/30/2016,33.0,"Pharmaceuticals, Biotechnology & Life Sciences",5.628249214272507
418,MGZ,MEDIGARD LIMITED,6/30/2016,1911.0,Health Care Equipment & Services,-16.171983356449374
419,MDC,MEDLAB CLINICAL LIMITED,6/30/2016,141.0,"Pharmaceuticals, Biotechnology & Life Sciences",83.7557354925776
420,MP1,MEGAPORT LIMITED,6/30/2017,265.0,Software & Services,69.40204098844565
421,MJC,MEJORITY CAPITAL LIMITED,6/30/2017,46.0,Diversified Financials,33.85554425228889
422,MVT,MERCANTILE INVESTMENT COMPANY LTD,6/30/2016,1851.0000000000002,Diversified Financials,8.65548387096775
423,MBK,METAL BANK LIMITED,6/30/2017,1772.0,Materials,-26.56025538707102
424,MCT,METALICITY LIMITED,6/30/2017,6291.0,Materials,-41.024806832045556
425,MLM,METALLICA MINERALS LIMITED,6/30/2015,91.0,Materials,-21.541247484909466
426,MLX,METALS X LIMITED,6/30/2017,229.99999999999997,Materials,-1.937507369413984
427,MEI,METEORIC RESOURCES NL,6/30/2016,2171.0,Materials,150.70748299319715
428,MEL,METGASCO LTD,6/30/2016,139.0,Energy,-20.48650449850051
429,MX1,MICRO-X LIMITED,6/30/2016,1139.0,Health Care Equipment & Services,2.244548567309426
430,MAM,MICROEQUITIES ASSET MANAGEMENT GROUP LIMITED,6/30/2017,86.0,Diversified Financials,
431,MDI,MIDDLE ISLAND RESOURCES LIMITED,6/30/2015,132.0,Materials,529.9999999999997
432,MWY,MIDWAY LIMITED,6/30/2016,46.0,Materials,-0.5226337448559671
433,MHD,MILLENNIUM LIMITED,6/30/2017,137858.0,Consumer Durables & Apparel,
434,MIL,MILLENNIUM SERVICES GROUP LIMITED,6/30/2017,44.0,Commercial & Professional Services,-35.2814429245854
435,MNB,MINBOS RESOURCES LIMITED,6/30/2015,31.0,Materials,11.276595744680844
436,MCR,MINCOR RESOURCES NL,6/30/2018,63.0,Materials,0.0
437,MIR,MIRRABOOKA INVESTMENTS LIMITED,6/30/2018,34.0,Diversified Financials,0.0
438,MGR,MIRVAC GROUP,6/30/2016,38.0,Real Estate,11.208787117192594
439,MSV,MITCHELL SERVICES LIMITED,6/30/2016,31.0,Capital Goods,43.831562974203344
440,MUA,MITULA GROUP LIMITED,12/31/2015,92.0,Software & Services,0.07405956112852664
441,MNF,MNF GROUP LIMITED,6/30/2016,88.0,Telecommunication Services,23.88017662096213
442,MOB,MOBILICOM LIMITED,12/31/2015,40.0,Technology Hardware & Equipment,
443,MOE,MOELIS AUSTRALIA LIMITED,12/31/2016,49.0,Diversified Financials,
444,MND,MONADELPHOUS GROUP LIMITED,6/30/2018,39.0,Capital Goods,0.0
445,MOX,MONAX MINING LIMITED,6/30/2015,61.0,Materials,24.603481624758203
446,MNY,MONEY3 CORPORATION LIMITED,6/30/2016,40.0,Diversified Financials,19.651242374646632
447,MTO,MOTORCYCLE HOLDINGS LIMITED,6/30/2018,38.0,Retailing,0.0
448,MGX,MOUNT GIBSON IRON LIMITED,6/30/2018,39.0,Materials,0.0
449,MRD,MOUNT RIDLEY MINES LIMITED,6/30/2017,89.0,Materials,-34.94908350305497
450,MRQ,MRG METALS LIMITED,6/30/2017,42.0,Materials,-9.85263157894736
451,MPW,MSL SOLUTIONS LIMITED,6/30/2017,107.0,Software & Services,-24.21925133689839
452,MSI,MULTISTACK INTERNATIONAL LIMITED,12/31/2017,61.0,Capital Goods,
453,MCA,MURRAY COD AUSTRALIA LIMITED,6/30/2017,438.0,"Food, Beverage & Tobacco",36.05546995377506
454,MRG,MURRAY RIVER ORGANICS GROUP LIMITED,6/30/2017,300.0,"Food, Beverage & Tobacco",
455,MGV,MUSGRAVE MINERALS LIMITED,6/30/2017,64.0,Materials,-5.039530731956133
456,MPX,MUSTERA PROPERTY GROUP LIMITED,6/30/2016,33.0,Real Estate,17.568829113924032
457,NAG,NAGAMBIE RESOURCES LIMITED,6/30/2015,59.0,Materials,172.9672066376927
458,NAM,NAMOI COTTON LIMITED,2/28/2018,36.0,Commercial & Professional Services,0.0
459,NAN,NANOSONICS LIMITED,6/30/2016,93.0,Health Care Equipment & Services,7.058420246517397
460,NAC,NAOS EX-50 OPPORTUNITIES COMPANY LIMITED,6/30/2016,260.0,Not Applic,4.710351377018044
461,NSC,NAOS SMALL CAP OPPORTUNITIES COMPANY LIMITED,6/30/2016,1092.0,Diversified Financials,
462,NSR,NATIONAL STORAGE REIT,6/30/2017,46.0,Real Estate,7.095805282237178
463,NVL,NATIONAL VETERINARY CARE LTD,6/30/2016,402309.0,Health Care Equipment & Services,56.37507425448498
464,NEA,NEARMAP LTD,6/30/2016,30.0,Commercial & Professional Services,16.324038636777836
465,NTC,NETCOMM WIRELESS LIMITED,6/30/2018,69.0,Technology Hardware & Equipment,0.0
466,NET,NETLINKZ LIMITED,6/30/2018,35.0,Software & Services,0.0
467,NWL,NETWEALTH GROUP LIMITED,6/30/2018,36.0,Diversified Financials,0.0
468,NEU,NEUREN PHARMACEUTICALS LIMITED,12/31/2016,88.0,"Pharmaceuticals, Biotechnology & Life Sciences",12.10793287566743
469,NAE,NEW AGE EXPLORATION LIMITED,6/30/2017,2610.0,Energy,-41.12600536193026
470,NHC,NEW HOPE CORPORATION LIMITED,7/31/2017,59.0,Energy,49.1366983246185
471,NWC,NEW WORLD COBALT LIMITED,6/30/2015,127.0,Materials,-57.96874999999999
472,NME,NEX METALS EXPLORATION LIMITED,6/30/2015,68.0,Materials,105.10548523206744
473,NXT,NEXTDC LIMITED,6/30/2016,52.0,Software & Services,35.17812969598892
474,NXM,NEXUS MINERALS LIMITED,6/30/2016,419.00000000000006,Materials,-29.03992241797317
475,NGE,NGE CAPITAL LIMITED,12/31/2016,111.00000000000001,Not Applic,9.469668246445496
476,NCK,NICK SCALI LIMITED,6/30/2016,30.0,Retailing,33.37111371984702
477,NIC,NICKEL MINES LIMITED,6/30/2017,89.0,Materials,
478,NIU,NIUMINCO GROUP LIMITED,6/30/2015,619.0,Materials,98.60465116279062
479,NKP,NKWE PLATINUM LIMITED,12/31/2015,5932.0,Materials,-28.842680608365008
480,NBL,NONI B LIMITED,7/2/2017,190.0,Retailing,53.61032258064517
481,NTU,NORTHERN MINERALS LIMITED,6/30/2015,120494.0,Materials,-49.558730825803735
482,NOR,NORWOOD SYSTEMS LIMITED,6/30/2016,1057.0,Software & Services,-47.1111111111111
483,NOV,NOVATTI GROUP LIMITED,6/30/2016,60.0,Software & Services,17.6352453872223
484,NHL,NOVITA HEALTHCARE LIMITED,6/30/2017,87.0,Health Care Equipment & Services,4.727272727272728
485,NWH,NRW HOLDINGS LIMITED,6/30/2018,99.0,Capital Goods,0.0
486,NSX,NSX LIMITED,6/30/2017,66.0,Diversified Financials,-24.415770609318994
487,NCR,NUCOAL RESOURCES LIMITED,6/30/2015,173.0,Materials,-39.87460815047019
488,OGA,OCEAN GROWN ABALONE LIMITED,6/30/2016,390.0,"Food, Beverage & Tobacco",
489,OCP,OCEANIA CAPITAL PARTNERS LIMITED,3/31/2016,281.0,Diversified Financials,42.42330951072015
490,ODY,ODYSSEY ENERGY LIMITED,6/30/2015,107.0,Energy,31.51351351351351
491,OEX,OILEX LTD,6/30/2016,54.0,Energy,-50.22177419354835
492,OLI,OLIVER'S REAL FOOD LIMITED,6/30/2016,35.0,Consumer Services,
493,OMH,OM HOLDINGS LIMITED,12/31/2017,139.0,Materials,323.0460921843687
494,OSL,ONCOSIL MEDICAL LTD,6/30/2016,39.0,"Pharmaceuticals, Biotechnology & Life Sciences",-20.984483681112888
495,OVH,ONEVUE HOLDINGS LIMITED,6/30/2017,53.0,Diversified Financials,33.11864406779662
496,OPN,OPENDNA LIMITED,6/30/2018,503.0,Commercial & Professional Services,0.0
497,OPT,OPTHEA LIMITED,6/30/2018,94.0,"Pharmaceuticals, Biotechnology & Life Sciences",0.0
498,OIL,OPTISCAN IMAGING LIMITED,6/30/2016,488.99999999999994,Health Care Equipment & Services,190.14501891551063
499,OEC,ORBITAL CORPORATION LIMITED,6/30/2018,46.0,Capital Goods,0.0
500,ODA,ORCODA LIMITED,6/30/2016,172.0,Software & Services,-73.29855732725895
501,ORR,ORECORP LIMITED,6/30/2017,356.0,Materials,-32.326343004883654
502,ORN,ORION MINERALS LTD,6/30/2015,1084.0,Materials,-33.514705882352935
503,OLV,OTHERLEVELS HOLDINGS LIMITED,6/30/2018,56.00000000000001,Software & Services,0.0
504,OVN,OVENTUS MEDICAL LIMITED,6/30/2016,859.0,Health Care Equipment & Services,-30.855172413793106
505,OTW,OVER THE WIRE HOLDINGS LIMITED,6/30/2016,46.0,Software & Services,5.726970227670752
506,P2P,P2P TRANSPORT LIMITED,6/30/2018,119.0,Not Applic,0.0
507,PAC,PACIFIC CURRENT GROUP LIMITED,6/30/2017,267.0,Diversified Financials,7.450968203151713
508,PNW,PACIFIC STAR NETWORK LIMITED,6/30/2018,49.0,Media,0.0
509,PCK,PAINCHEK LTD,6/30/2017,699.0,Health Care Equipment & Services,50.61501210653754
510,PGC,PARAGON CARE LIMITED,6/30/2016,190.0,Health Care Equipment & Services,11.728694642998445
511,PRZ,PARAZERO LIMITED,12/31/2016,254.0,Technology Hardware & Equipment,
512,PCG,PENGANA CAPITAL GROUP LIMITED,6/30/2017,30.0,Diversified Financials,21.92214729251519
513,PSM,PENINSULA MINES LIMITED,6/30/2016,54.0,Materials,-5.809443507588531
514,PPE,PEOPLE INFRASTRUCTURE LTD,6/30/2018,52.0,Commercial & Professional Services,0.0
515,PIL,PEPPERMINT INNOVATION LIMITED,6/30/2016,1685.0000000000002,Software & Services,-32.27038183694528
516,PIC,PERPETUAL EQUITY INVESTMENT COMPANY LIMITED,6/30/2016,40.0,Not Applic,0.9249390129480201
517,PRU,PERSEUS MINING LIMITED,6/30/2018,37.0,Materials,0.0
518,PXS,PHARMAXIS LTD,6/30/2018,455.0,"Pharmaceuticals, Biotechnology & Life Sciences",0.0
519,PHI,PHILEO AUSTRALIA LIMITED,6/30/2017,256.0,Real Estate,27.785032916834606
520,PET,PHOSLOCK ENVIRONMENTAL TECHNOLOGIES LIMITED,6/30/2016,106.0,Commercial & Professional Services,105.61686746987955
521,PYC,PHYLOGICA LIMITED,6/30/2017,256660.0,"Pharmaceuticals, Biotechnology & Life Sciences",-21.440758293838858
522,PGY,PILOT ENERGY LIMITED,9/30/2017,11447.0,Energy,-47.9871382636656
523,PNI,PINNACLE INVESTMENT MANAGEMENT GROUP LIMITED,6/30/2017,31.0,Diversified Financials,79.4070345101676
524,PNC,PIONEER CREDIT LIMITED,6/30/2018,44.0,Diversified Financials,0.0
525,PGS,PLANET GAS LIMITED,12/31/2015,8092.0,Energy,-20.70312499999999
526,PGM,PLATINA RESOURCES LIMITED,6/30/2016,1805.9999999999998,Materials,65.46350088406163
527,PL8,PLATO INCOME MAXIMISER LIMITED.,6/30/2018,574.0,Not Applic,0.0
528,PLC,PLC FINANCIAL SOLUTIONS LIMITED,6/30/2017,2161.0,Diversified Financials,-53.81999999999997
529,PKA,PLUKKA LIMITED,6/30/2016,39.0,Diversified Financials,-25.93548387096773
530,PNV,POLYNOVO LIMITED,6/30/2016,14569.999999999998,"Pharmaceuticals, Biotechnology & Life Sciences",0.036326250856751216
531,PVL,POWERHOUSE VENTURES LIMITED,6/30/2016,102.0,Commercial & Professional Services,-25.456548077982156
532,PDZ,PRAIRIE MINING LIMITED,6/30/2016,788.0,Materials,131.51263383297646
533,PTX,PRESCIENT THERAPEUTICS LIMITED,6/30/2016,299.0,"Pharmaceuticals, Biotechnology & Life Sciences",-24.795918367346935
534,PFG,PRIME FINANCIAL GROUP LIMITED,6/30/2017,40.0,Diversified Financials,-14.250913520097441
535,PGX,PRIMERO GROUP LIMITED,6/30/2017,57.99999999999999,Capital Goods,
536,PME,PRO MEDICUS LIMITED,6/30/2016,56.99999999999999,Health Care Equipment & Services,23.66478023793787
537,PPG,PRO-PAC PACKAGING LIMITED,6/30/2018,62.0,Materials,0.0
538,PRX,PRODIGY GOLD NL,6/30/2016,9113.0,Materials,50.78693790149893
539,PFP,PROPEL FUNERAL PARTNERS LIMITED,6/30/2016,106.0,Consumer Services,
540,PLG,PROPERTYLINK GROUP,6/30/2015,76.0,Real Estate,
541,PIQ,PROTEOMICS INTERNATIONAL LABORATORIES LTD,6/30/2016,45.0,"Pharmaceuticals, Biotechnology & Life Sciences",-22.351565447001132
542,PSI,PSC INSURANCE GROUP LIMITED,6/30/2016,34.0,Insurance,31.79228610042623
543,PPL,PUREPROFILE LTD,6/30/2016,193.0,Software & Services,-35.17272727272727
544,PPH,PUSHPAY HOLDINGS LIMITED,3/31/2016,475.0,Software & Services,31.786016949152543
545,PWH,PWR HOLDINGS LIMITED,6/30/2016,46.0,Automobiles & Components,-17.613642564802188
546,PLX,PYROLYX AG,12/31/2015,141.0,Materials,
547,QMS,QMS MEDIA LIMITED,6/30/2016,1493.0,Media,-12.089723510164838
548,QST,QUEST INVESTMENTS LIMITED,6/30/2016,162.0,Diversified Financials,
549,QVE,QV EQUITIES LIMITED,6/30/2016,61.0,Not Applic,8.823600303009435
550,RMS,RAMELIUS RESOURCES LIMITED,6/30/2016,33.0,Materials,3.679603277274688
551,RBR,RBR GROUP LIMITED,6/30/2016,363.0,Materials,-30.539033457249047
552,RCR,RCR TOMLINSON LIMITED,6/30/2017,42.0,Capital Goods,-5.831981378288774
553,RCL,READCLOUD LIMITED,6/30/2016,75.0,Software & Services,
554,RLE,REAL ENERGY CORPORATION LIMITED,6/30/2015,1087.0,Energy,-34.671590609337905
555,RCE,RECCE PHARMACEUTICALS LTD,6/30/2016,55.00000000000001,"Pharmaceuticals, Biotechnology & Life Sciences",-17.818775510204077
556,RFT,RECTIFIER TECHNOLOGIES LTD,6/30/2016,35.0,Capital Goods,4.430512016718911
557,RED,RED 5 LIMITED,6/30/2015,38950.0,Materials,15.958597976946603
558,RHI,RED HILL IRON LIMITED,6/30/2017,234.0,Materials,-16.63802905874921
559,RDM,RED METAL LIMITED,6/30/2015,151.0,Materials,90.54561717352412
560,RMX,RED MOUNTAIN MINING LIMITED,6/30/2016,185.0,Materials,-27.846420323325624
561,RVR,RED RIVER RESOURCES LIMITED,6/30/2016,191.0,Materials,58.98387096774198
562,ROG,RED SKY ENERGY LIMITED.,12/31/2016,96.0,Energy,-71.00000000000003
563,RBL,REDBUBBLE LIMITED,6/30/2016,61.0,Software & Services,-15.315133531157274
564,RFX,REDFLOW LIMITED,6/30/2016,747.0,Capital Goods,-57.08396868964117
565,RDH,REDHILL EDUCATION LIMITED,6/30/2017,46.0,Consumer Services,102.4598429535749
566,RFN,REFFIND LIMITED,6/30/2016,2601.0,Software & Services,-87.98160788775125
567,RGP,REFRESH GROUP LIMITED,6/30/2018,42.0,"Food, Beverage & Tobacco",0.0
568,RGS,REGENEUS LTD,6/30/2017,436.00000000000006,"Pharmaceuticals, Biotechnology & Life Sciences",1.9150141643059493
569,RD1,REGISTRY DIRECT LIMITED,6/30/2016,50.0,Software & Services,
570,RWC,RELIANCE WORLDWIDE CORPORATION LIMITED,6/30/2017,104.0,Capital Goods,48.453780523683434
571,RNU,RENASCOR RESOURCES LIMITED,6/30/2016,52.0,Energy,-9.021276595744673
572,RNT,RENT.COM.AU LIMITED,6/30/2016,150.0,Software & Services,-50.722785920080184
573,RDG,RESOURCE DEVELOPMENT GROUP LIMITED,6/30/2018,74.0,Materials,0.0
574,RMI,RESOURCE MINING CORPORATION LIMITED,6/30/2017,718.0,Materials,15.344262295081961
575,RSH,RESPIRI LIMITED,6/30/2016,621.0,Health Care Equipment & Services,-5.096153846153845
576,RBD,RESTAURANT BRANDS NEW ZEALAND LIMITED,2/26/2018,48.0,Consumer Services,0.0
577,RFG,RETAIL FOOD GROUP LIMITED,6/30/2016,36.0,Consumer Services,-13.954548416525476
578,REF,REVERSE CORP LIMITED,6/30/2018,34.0,Telecommunication Services,0.0
579,RWD,REWARD MINERALS LTD,12/31/2015,47.0,Materials,-31.883062085593732
580,RXH,REWARDLE HOLDINGS LIMITED,6/30/2016,378.0,Software & Services,-73.43016759776535
581,RNO,RHINOMED LIMITED,6/30/2016,134.0,"Pharmaceuticals, Biotechnology & Life Sciences",-14.269230769230768
582,RCW,RIGHTCROWD LIMITED,6/30/2016,65.0,Software & Services,
583,RMY,RMA GLOBAL LIMITED,6/30/2017,303.0,Software & Services,
584,RMG,RMG LIMITED,6/30/2017,143.0,Materials,29.012875536480664
585,RXP,RXP SERVICES LIMITED,6/30/2016,61.0,Software & Services,14.685986502580382
586,SNC,SANDON CAPITAL INVESTMENTS LIMITED,6/30/2016,367.0,Not Applic,13.629156999226604
587,SAR,SARACEN MINERAL HOLDINGS LIMITED,6/30/2017,53.0,Materials,51.46525397320036
588,SND,SAUNDERS INTERNATIONAL LIMITED,6/30/2018,65.0,Capital Goods,0.0
589,SYA,SAYONA MINING LIMITED,6/30/2015,40.0,Materials,134.34027777777774
590,SCG,SCENTRE GROUP,12/31/2015,32.0,Real Estate,17.562418379685607
591,SFC,SCHAFFER CORPORATION LIMITED,6/30/2016,36.0,Automobiles & Components,46.56529693731932
592,SDV,SCIDEV LTD,6/30/2017,35.0,Materials,-39.5115332428765
593,SCO,SCOTTISH PACIFIC GROUP LIMITED,6/30/2016,42.0,Diversified Financials,-16.07315306615162
594,SLK,SEALINK TRAVEL GROUP LIMITED,6/30/2016,59.0,Consumer Services,-1.3984846482533815
595,SWF,SELFWEALTH LIMITED,6/30/2016,112.00000000000001,Diversified Financials,
596,SXY,SENEX ENERGY LIMITED,6/30/2018,61.0,Energy,0.0
597,SNS,SENSEN NETWORKS LIMITED,6/30/2016,165.0,Software & Services,13.300000000000004
598,SEQ,SEQUOIA FINANCIAL GROUP LTD,6/30/2017,53.0,Diversified Financials,2.3960149439601492
599,SVT,SERVTECH GLOBAL HOLDINGS LTD,6/30/2015,217.0,Software & Services,
600,SVW,SEVEN GROUP HOLDINGS LIMITED,6/30/2018,51.0,Capital Goods,0.0
601,SGF,SG FLEET GROUP LIMITED,6/30/2017,38.0,Commercial & Professional Services,0.9672181687390811
602,SRO,SHAREROOT LTD,6/30/2016,468.0,Software & Services,-72.37553342816499
603,SSG,SHAVER SHOP GROUP LIMITED,6/30/2016,69.0,Retailing,-44.065198543436786
604,SHI,SHINE METALS LIMITED,12/31/2015,7064.0,Capital Goods,
605,SDX,SIENNA CANCER DIAGNOSTICS LIMITED,6/30/2016,42.0,"Pharmaceuticals, Biotechnology & Life Sciences",
606,SIS,SIMBLE SOLUTIONS LIMITED,12/31/2017,91.0,Software & Services,
607,SRI,SIPA RESOURCES LIMITED,6/30/2016,42.0,Materials,-44.5378151260504
608,SRX,SIRTEX MEDICAL LIMITED,6/30/2016,32.0,"Pharmaceuticals, Biotechnology & Life Sciences",-48.427361859536376
609,SIT,SITE GROUP INTERNATIONAL LIMITED,6/30/2017,33.0,Consumer Services,-50.65138721351023
610,SAM,SIV ASSET MANAGEMENT LIMITED,6/30/2015,54.0,Diversified Financials,
611,SKN,SKIN ELEMENTS LIMITED,6/30/2017,73.0,Household & Personal Products,-53.25341155464861
612,SKF,SKYFII LTD,6/30/2016,254.99999999999997,Software & Services,-22.698770491803277
613,SGH,SLATER & GORDON LIMITED,6/30/2016,84.0,Consumer Services,-74.39364673027694
614,SM8,SMART MARINE SYSTEMS LIMITED,6/30/2016,106.0,Technology Hardware & Equipment,-57.12430720506728
615,SPZ,SMART PARKING LIMITED,6/30/2016,34.0,Technology Hardware & Equipment,-4.205198358413134
616,SIQ,SMARTGROUP CORPORATION LTD,12/31/2016,61.0,Commercial & Professional Services,36.39388337549459
617,SXX,SOUTHERN CROSS EXPLORATION N.L.,6/30/2015,69.0,Materials,123.3620689655172
618,SVM,SOVEREIGN METALS LIMITED,6/30/2017,154.0,Materials,-4.523312456506611
619,SP3,SPECTUR LIMITED,6/30/2016,51.0,Technology Hardware & Equipment,
620,ST1,SPIRIT TELECOM LIMITED,6/30/2016,43.0,Telecommunication Services,13.791225416036303
621,SIX,SPRINTEX LIMITED,6/30/2016,75.0,Automobiles & Components,0.039308759178224455
622,SPL,STARPHARMA HOLDINGS LIMITED,6/30/2016,170.0,"Pharmaceuticals, Biotechnology & Life Sciences",39.22091692943049
623,SDF,STEADFAST GROUP LIMITED,6/30/2016,52.0,Insurance,35.12134011711625
624,SBI,STERLING PLANTATIONS LIMITED,6/30/2016,34.0,"Food, Beverage & Tobacco",-42.17092337917484
625,STA,STRANDLINE RESOURCES LIMITED,6/30/2017,949.0,Materials,85.8
626,SER,STRATEGIC ENERGY RESOURCES LIMITED,6/30/2018,858.0,Materials,0.0
627,SGO,STREAM GROUP LIMITED,6/30/2018,102.0,Software & Services,0.0
628,SMN,STRUCTURAL MONITORING SYSTEMS PLC,6/30/2016,6498.0,Technology Hardware & Equipment,-27.04770300715054
629,SGU,SUCCESS GLOBAL MEDIA LIMITED,12/31/2015,117.0,Consumer Services,
630,SDG,SUNLAND GROUP LIMITED,6/30/2017,59.0,Real Estate,2.561349012646994
631,STM,SUNSTONE METALS LTD,6/30/2017,534.0,Materials,87.21868365180464
632,SLC,SUPERLOOP LIMITED,6/30/2016,100914.0,Telecommunication Services,1.3865325077399382
633,SW1,SWIFT NETWORKS GROUP LIMITED,6/30/2016,941.0,Technology Hardware & Equipment,62.16463711641497
634,SOP,SYNERTEC CORPORATION LIMITED,6/30/2016,47.0,Commercial & Professional Services,75.44815465729344
635,SYS,SYNGAS LIMITED,6/30/2016,18600.0,Energy,-5.52083333333333
636,SM1,SYNLAIT MILK LIMITED,7/31/2017,39.0,"Food, Beverage & Tobacco",101.07515503707884
637,SYT,SYNTONIC LIMITED,6/30/2016,66.0,Software & Services,-0.6910039113428944
638,TAH,TABCORP HOLDINGS LIMITED,6/30/2018,71.0,Consumer Services,0.0
639,TMK,TAMASKA OIL AND GAS LTD,6/30/2015,87.0,Energy,
640,TAM,TANAMI GOLD NL,6/30/2017,328.0,Materials,-28.5239985564778
641,TAR,TARUGA MINERALS LIMITED,6/30/2015,40.0,Materials,-60.49559661543776
642,TFL,TASFOODS LIMITED,12/31/2015,126.0,"Food, Beverage & Tobacco",-4.422758620689657
643,TGR,TASSAL GROUP LIMITED,6/30/2016,39.0,"Food, Beverage & Tobacco",2.1605348043569728
644,TAW,TAWANA RESOURCES NL,12/31/2017,223.0,Materials,68.58029480217223
645,TDL,TBG DIAGNOSTICS LIMITED,12/31/2017,49.0,"Pharmaceuticals, Biotechnology & Life Sciences",-53.388981636060116
646,TMP,TECH MPIRE LIMITED,6/30/2016,171.0,Media,-24.786342472840136
647,TCN,TECHNICHE LIMITED.,6/30/2018,62.0,Diversified Financials,0.0
648,TPW,TEMPLE & WEBSTER GROUP LTD,6/30/2016,95.0,Retailing,1.2316034082106893
649,TPP,TEMPO AUSTRALIA LTD,12/31/2015,393.0,Commercial & Professional Services,220.19889502762436
650,TMX,TERRAIN MINERALS LIMITED,6/30/2017,97.0,Materials,-20.88353413654617
651,AU1,THE AGENCY GROUP AUSTRALIA LTD,6/30/2017,45.0,Real Estate,-40.8715953307393
652,TBH,THE BETMAKERS HOLDINGS LTD,6/30/2016,156.0,Consumer Services,46.81940144478841
653,DXN,THE DATA EXCHANGE NETWORK LIMITED,6/30/2018,782.0,Software & Services,0.0
654,FOD,THE FOOD REVOLUTION GROUP LIMITED,6/30/2017,60.0,"Food, Beverage & Tobacco",-1.273617914625612
655,GO2,THE GO2 PEOPLE LTD,6/30/2016,84.0,Commercial & Professional Services,
656,TNK,THINK CHILDCARE LIMITED,12/31/2015,168.0,Consumer Services,73.10169165705497
657,TMZ,THOMSON RESOURCES LIMITED,6/30/2017,51.0,Materials,-10.588670862643466
658,TPS,THREAT PROTECT AUSTRALIA LIMITED,6/30/2016,49.0,Class Pend,12.48498845265589
659,THX,THUNDELARRA LIMITED,9/30/2015,56.99999999999999,Materials,-35.83410780669145
660,TIA,TIAN AN AUSTRALIA LIMITED,6/30/2016,109.00000000000001,Real Estate,20.816371144036935
661,TKF,TIKFORCE LIMITED,6/30/2016,105.0,Software & Services,-49.238147437654156
662,TML,TIMAH RESOURCES LIMITED,6/30/2015,917.0,Utilities,-42.28
663,TNY,TINYBEANS GROUP LTD,6/30/2016,224.00000000000003,Software & Services,
664,TOM,TOMIZONE LIMITED,6/30/2018,137.0,Software & Services,0.0
665,TFG,TOTAL FACE GROUP LIMITED,6/30/2016,302.0,Consumer Services,
666,TPC,TPC CONSOLIDATED LIMITED,6/30/2016,94.0,Telecommunication Services,62.57849585358875
667,TPM,TPG TELECOM LIMITED,7/31/2015,31.0,Telecommunication Services,10.948921679909198
668,TPE,TPI ENTERPRISES LIMITED,12/31/2016,236.0,"Pharmaceuticals, Biotechnology & Life Sciences",-17.477009635905066
669,TSN,TRANSACTION SOLUTIONS INTERNATIONAL LIMITED,3/31/2018,5713.0,Software & Services,0.0
670,TCL,TRANSURBAN GROUP,6/30/2015,62.0,Transportation,14.199767437277046
671,TBR,TRIBUNE RESOURCES LIMITED,6/30/2016,34.0,Materials,12.547434795070219
672,TRM,TRUSCOTT MINING CORPORATION LIMITED,6/30/2016,152.0,Materials,-19.90932642487047
673,TSC,TWENTY SEVEN CO. LIMITED,6/30/2017,160.0,Energy,-1.1818181818181812
674,TYK,TYCHEAN RESOURCES LTD,6/30/2016,1671.0,Materials,-29.627329192546565
675,TYX,TYRANNA RESOURCES LIMITED,6/30/2015,5547.0,Materials,41.7252931323283
676,TZL,TZ LIMITED,6/30/2016,37.0,Technology Hardware & Equipment,-54.2145170965807
677,UCW,UCW LIMITED,6/30/2016,25808.999999999996,Consumer Services,-16.116728624535327
678,UIL,UIL ENERGY LTD,6/30/2015,396.0,Energy,-2.908327953518399
679,UOS,UNITED OVERSEAS AUSTRALIA LIMITED,12/31/2015,53.0,Real Estate,1.3710273466371028
680,UBI,UNIVERSAL BIOSENSORS INC.,12/31/2015,76.0,Health Care Equipment & Services,-4.880404267265581
681,UNV,UNIVERSAL COAL PLC,6/30/2016,30.0,Energy,-7.446761800219539
682,URF,US MASTERS RESIDENTIAL PROPERTY FUND,12/31/2015,164.0,Real Estate,-3.5592185592185586
683,UCM,USCOM LIMITED,6/30/2016,44.0,Health Care Equipment & Services,-15.964897959183673
684,VMX,VALMEC LIMITED,6/30/2017,43.0,Energy,94.30457440648526
685,VAN,VANGO MINING LIMITED,6/30/2015,60.0,Materials,219.11940298507452
686,VAR,VARISCAN MINES LIMITED,6/30/2015,66.0,Materials,-20.661016949152543
687,VMG,VDM GROUP LIMITED,6/30/2017,170.0,Capital Goods,85.09090909090902
688,VP7,VELOCITY PROPERTY GROUP LIMITED,6/30/2016,208050.0,Real Estate,
689,VMS,VENTURE MINERALS LIMITED,6/30/2017,47.0,Materials,10.116731517509727
690,VXR,VENTUREX RESOURCES LIMITED,6/30/2015,120.0,Materials,65.66666666666671
691,VMC,VENUS METALS CORPORATION LIMITED,6/30/2016,425.0,Materials,-27.639470782800437
692,VRI,VERILUMA LIMITED,6/30/2017,1850.0,Software & Services,
693,VRS,VERIS LIMITED,6/30/2016,75.0,Commercial & Professional Services,-27.660078405749758
694,VCX,VICINITY CENTRES,6/30/2016,54.0,Real Estate,-11.470531400966184
695,VIG,VICTOR GROUP HOLDINGS LIMITED,6/30/2017,64.0,Software & Services,
696,VGL,VISTA GROUP INTERNATIONAL LIMITED.,12/31/2015,39.0,Software & Services,21.992597521417288
697,VVR,VIVA ENERGY REIT,12/31/2017,49.0,Real Estate,-7.800440454006439
698,VIV,VIVID TECHNOLOGY LIMITED,6/30/2016,250.99999999999997,Capital Goods,-28.294065016403227
699,VOC,VOCUS GROUP LIMITED,6/30/2016,454.0,Telecommunication Services,-54.29029318335677
700,VPG,VODAFONE GROUP PLC.,6/30/2008,401.99999999999994,Not Applic,
701,VRC,VOLT RESOURCES LIMITED,6/30/2016,404.0,Materials,-51.014409221902014
702,WAM,WAM CAPITAL LIMITED,6/30/2016,124.0,Diversified Financials,1.4299390774586602
703,SOL,WASHINGTON H SOUL PATTINSON & COMPANY LIMITED,7/31/2017,44.0,Energy,14.885819128522215
704,WMK,WATERMARK MARKET NEUTRAL FUND LIMITED,6/30/2016,241.0,Not Applic,-2.0193236714975846
705,WHA,WATTLE HEALTH AUSTRALIA LIMITED,6/30/2016,563.0,"Food, Beverage & Tobacco",
706,WEB,WEBJET LIMITED,6/30/2017,34.0,Retailing,10.24097208000546
707,WBA,WEBSTER LIMITED,6/30/2016,105.0,"Food, Beverage & Tobacco",14.574167190446259
708,WLL,WELLCOM GROUP LIMITED,6/30/2016,35.0,Commercial & Professional Services,-9.018965645726212
709,WAF,WEST AFRICAN RESOURCES LIMITED,6/30/2016,225.0,Materials,54.2481884057971
710,WWI,WEST WITS MINING LIMITED,6/30/2015,150.0,Materials,66.24999999999996
711,WGX,WESTGOLD RESOURCES LIMITED.,6/30/2016,31.0,Materials,24.785829307568434
712,WSI,WESTSTAR INDUSTRIAL LIMITED,6/30/2018,101.0,Materials,0.0
713,WEC,WHITE ENERGY COMPANY LIMITED,6/30/2017,112.00000000000001,Energy,34.746543778801836
714,WHC,WHITEHAVEN COAL LIMITED,6/30/2016,52.0,Energy,103.95492246664266
715,WHK,WHITEHAWK LIMITED,12/31/2016,19324.0,Retailing,
716,WOA,WIDE OPEN AGRICULTURE LTD,6/30/2017,71143.0,"Food, Beverage & Tobacco",
717,WND,WINDLAB LIMITED,12/31/2015,78.0,Utilities,
718,WNR,WINGARA AG LTD,6/30/2016,262.0,"Food, Beverage & Tobacco",-57.8125
719,WFE,WINMAR RESOURCES LIMITED,6/30/2016,790.0,Materials,
720,WTC,WISETECH GLOBAL LIMITED,6/30/2016,47.0,Software & Services,54.861069645338965
721,WZR,WISR LIMITED,6/30/2016,405.99999999999994,Diversified Financials,-30.028328611898
722,WLC,WOLLONGONG COAL LIMITED,3/31/2017,347.0,Materials,20.740740740740726
723,WMC,WONHE MULTIMEDIA COMMERCE LTD,12/31/2015,668.0,Technology Hardware & Equipment,-48.666666666666664
724,WPP,WPP AUNZ LTD,12/31/2016,91.0,Media,7.36898395721925
725,XIP,XENITH IP GROUP LIMITED,6/30/2016,37.0,Commercial & Professional Services,-39.264744351961944
726,XPD,XPD SOCCER GEAR GROUP LIMITED,12/31/2015,36.0,Consumer Durables & Apparel,
727,XPE,XPED LIMITED,6/30/2017,9493.0,Software & Services,-78.27956989247306
728,XF1,XREF LIMITED,6/30/2016,256.0,Software & Services,9.96823697359029
729,XST,XSTATE RESOURCES LIMITED,12/31/2017,364.0,Energy,-34.057507987220426
730,XTD,XTD LTD,6/30/2016,185.0,Media,-59.6050105147664
731,XTE,XTEK LIMITED.,6/30/2017,169.0,Capital Goods,25.173309449171512
732,YAL,YANCOAL AUSTRALIA LIMITED,12/31/2017,111.00000000000001,Energy,-21.770799957278655
733,YBR,YELLOW BRICK ROAD HOLDINGS LIMITED,6/30/2016,33.0,Diversified Financials,-31.809787626962148
734,YPB,YPB GROUP LTD,12/31/2015,908.0,Commercial & Professional Services,-24.850194552529185
735,ZLD,ZELDA THERAPEUTICS LIMITED,6/30/2018,214.0,"Pharmaceuticals, Biotechnology & Life Sciences",0.0
736,ZEN,ZENITH ENERGY LIMITED,6/30/2018,65.0,Utilities,0.0
737,ZNC,ZENITH MINERALS LIMITED,6/30/2017,131.0,Materials,62.74305555555558
738,ZER,ZETA RESOURCES LIMITED,6/30/2018,150.0,Not Applic,0.0
739,Z1P,ZIP CO LIMITED.,6/30/2016,615.0,Diversified Financials,10.951971538689595
740,ZIP,ZIPTEL LIMITED,6/30/2016,53.0,Telecommunication Services,-86.90579424517146
