Asx Code,Asx Code,Company Name,Finacial Year,Revenue Increase %,industry,pricediff
MOQ,MOQ,MOQ LIMITED,6/30/2016,886.0,Software & Services,-7.758492896849908
1ST,1ST,1ST GROUP LIMITED,6/30/2016,561.0,Health Care Equipment & Services,-23.382352941176467
TGP,TGP,360 CAPITAL GROUP,6/30/2016,36.0,Real Estate,3.004877057508636
TDO,TDO,3D OIL LIMITED,6/30/2015,304.0,Energy,-42.610132158590304
4DS,4DS,4DS MEMORY LIMITED,6/30/2016,1053815.0,Semiconductors & Semiconductor Equipment,13.725099601593628
5GN,5GN,5G NETWORKS LIMITED,6/30/2018,29187072.0,Telecommunication Services,0.0
8IH,8IH,8I HOLDINGS LTD,3/31/2016,140.0,Diversified Financials,-46.91939308820482
ACB,ACB,A-CAP RESOURCES LIMITED,6/30/2017,71.0,Energy,-13.277310924369745
AYI,AYI,A1 INVESTMENTS & RESOURCES LTD,6/30/2016,313.0,Diversified Financials,0.0
ABL,ABL,ABILENE OIL AND GAS LIMITED,6/30/2015,40.0,Energy,-43.902195608782414
ABT,ABT,ABUNDANT PRODUCE LIMITED,6/30/2018,149.0,"Food, Beverage & Tobacco",0.0
AX1,AX1,ACCENT GROUP LIMITED,6/26/2016,226.0,Retailing,-40.945871727588944
ACS,ACS,ACCENT RESOURCES NL,6/30/2016,54.0,Materials,-53.2747351814289
ACF,ACF,ACROW FORMWORK AND CONSTRUCTION SERVICES LIMITED,6/30/2018,533922.0,Capital Goods,0.0
ACW,ACW,ACTINOGEN MEDICAL LIMITED,6/30/2016,2476.0,"Pharmaceuticals, Biotechnology & Life Sciences",-8.339160839160838
AIV,AIV,ACTIVEX LIMITED,6/30/2016,32.0,Materials,83.92802056555273
1AD,1AD,ADALTA LIMITED,6/30/2017,143.0,"Pharmaceuticals, Biotechnology & Life Sciences",31.79644588045233
ADR,ADR,ADHERIUM LIMITED,6/30/2018,150.0,Health Care Equipment & Services,0.0
AHZ,AHZ,ADMEDUS LTD,6/30/2016,40.0,Health Care Equipment & Services,-29.248103012186714
ANO,ANO,ADVANCE NANOTEK LIMITED,6/30/2018,36.0,Materials,0.0
ABV,ABV,ADVANCED BRAKING TECHNOLOGY LTD,6/30/2017,50.0,Automobiles & Components,-22.941176470588225
AER,AER,AEERIS LTD,6/30/2016,49.0,Software & Services,-53.41514360313315
AEI,AEI,AERIS ENVIRONMENTAL LTD,6/30/2016,72.0,Commercial & Professional Services,-30.044812906116967
APT,APT,AFTERPAY TOUCH GROUP LIMITED,6/30/2016,5700.0,Software & Services,
AGJ,AGJ,AGRICULTURAL LAND TRUST,6/30/2016,121.0,Real Estate,-11.521739130434776
AMN,AMN,AGRIMIN LIMITED,6/30/2015,128.0,Materials,111.77111111111107
APW,APW,AIMS PROPERTY SECURITIES FUND,6/30/2018,162.0,Real Estate,0.0
AJL,AJL,AJ LUCAS GROUP LIMITED,6/30/2018,70.0,Capital Goods,0.0
AUQ,AUQ,ALARA RESOURCES LIMITED,6/30/2016,260.0,Materials,-9.943714821763598
ACL,ACL,ALCHEMIA LIMITED,6/30/2016,339.0,"Pharmaceuticals, Biotechnology & Life Sciences",-42.20705346985209
AJX,AJX,ALEXIUM INTERNATIONAL GROUP LIMITED,6/30/2016,4970.0,Materials,-22.343287909538997
AQI,AQI,ALICANTO MINERALS LIMITED,6/30/2016,643.0,Materials,-5.4182697592612925
AGS,AGS,ALLIANCE RESOURCES LIMITED,6/30/2016,214.0,Materials,-39.1594996090696
AZI,AZI,ALTA ZINC LIMITED,6/30/2015,32.0,Materials,-1.330989452536414
AMA,AMA,AMA GROUP LIMITED,6/30/2016,184.0,Retailing,5.8906483417986255
ANL,ANL,AMANI GOLD LIMITED,6/30/2017,620.0,Materials,-58.02304426925409
ALT,ALT,ANALYTICA LIMITED,6/30/2016,96.0,Health Care Equipment & Services,-10.12738853503184
ANR,ANR,ANATARA LIFESCIENCES LTD,6/30/2016,3889.0,"Pharmaceuticals, Biotechnology & Life Sciences",-2.518081404145861
ATM,ATM,ANEKA TAMBANG (PERSERO) TBK (PT),12/31/2017,39.0,Materials,
AWV,AWV,ANOVA METALS LIMITED,6/30/2017,200.0,Materials,-49.11341853035142
ASN,ASN,ANSON RESOURCES LIMITED,6/30/2017,352900.0,Materials,156.42276422764238
AZY,AZY,ANTIPA MINERALS LIMITED,6/30/2016,957.0,Materials,-26.955085865257608
APX,APX,APPEN LIMITED,12/31/2015,62.0,Software & Services,164.7282608695652
AD1,AD1,APPLYDIRECT LIMITED,6/30/2018,148.0,Software & Services,0.0
AXE,AXE,ARCHER EXPLORATION LIMITED,6/30/2018,133.0,Materials,0.0
AXT,AXT,ARGO EXPLORATION LIMITED,6/30/2016,430.0,Materials,-55.5153046896939
AGY,AGY,ARGOSY MINERALS LIMITED,12/31/2017,716.0,Materials,143.06119136503816
ARA,ARA,ARIADNE AUSTRALIA LIMITED,6/30/2016,45.0,Commercial & Professional Services,97.42764146219334
AWN,AWN,AROWANA INTERNATIONAL LIMITED,6/30/2016,49.0,Capital Goods,-10.150239392438502
AMD,AMD,ARROW MINERALS LTD,6/30/2003,290.0,Materials,
ARV,ARV,ARTEMIS RESOURCES LIMITED,6/30/2015,2249.0,Materials,5.694214876033057
AFA,AFA,ASF GROUP LIMITED,6/30/2016,244.0,Diversified Financials,-27.54236006051438
AJJ,AJJ,ASIAN AMERICAN MEDICAL GROUP LIMITED,8/31/2015,65.0,Health Care Equipment & Services,11.02946593001842
APZ,APZ,ASPEN GROUP,6/30/2015,222.00000000000003,Real Estate,-12.736493300677134
ATR,ATR,ASTRON CORPORATION LIMITED,6/30/2017,306.0,Materials,14.873487348734873
AHN,AHN,ATHENA RESOURCES LIMITED,6/30/2015,56.99999999999999,Materials,124.99999999999993
ALX,ALX,ATLAS ARTERIA,12/31/2016,48.0,Transportation,13.946390306619403
ATP,ATP,ATLAS PEARLS LTD,6/30/2016,52.0,Consumer Durables & Apparel,-19.332985930171965
ACP,ACP,AUDALIA RESOURCES LIMITED,6/30/2015,31.0,Materials,-53.54555852077768
AD8,AD8,AUDINATE GROUP LIMITED,6/30/2016,48.0,Technology Hardware & Equipment,
AU8,AU8,AUMAKE INTERNATIONAL LIMITED,6/30/2018,1653.0,Retailing,0.0
AEE,AEE,AURA ENERGY LIMITED,6/30/2015,130.0,Energy,-0.4649122807017542
AOU,AOU,AUROCH MINERALS LTD,6/30/2015,181.0,Materials,66.28602501359434
ABW,ABW,AURORA ABSOLUTE RETURN FUND,6/30/2016,263.0,Not Applic,-18.585302965191214
ARM,ARM,AURORA MINERALS LIMITED,6/30/2016,480.0,Materials,-6.239743132358192
AQD,AQD,AUSQUEST LIMITED,6/30/2017,3399.0,Materials,51.01886792452827
AGD,AGD,AUSTRAL GOLD LIMITED,6/30/2017,81.0,Materials,-31.502074688796693
AAC,AAC,AUSTRALIAN AGRICULTURAL COMPANY LIMITED.,3/31/2016,45.0,"Food, Beverage & Tobacco",-0.7717238139971818
ABX,ABX,AUSTRALIAN BAUXITE LIMITED.,12/31/2015,253.0,Materials,-37.18304843304843
AHF,AHF,AUSTRALIAN DAIRY FARMS GROUP,6/30/2016,261.0,"Food, Beverage & Tobacco",-37.756637168141594
AFG,AFG,AUSTRALIAN FINANCE GROUP LTD,6/30/2006,59.0,Banks,
ALF,ALF,AUSTRALIAN LEADERS FUND LIMITED,6/30/2016,252.0,Diversified Financials,-15.871180735370274
ARC,ARC,AUSTRALIAN RURAL CAPITAL LIMITED,6/30/2016,750.0,Diversified Financials,-2.156355077336919
AOF,AOF,AUSTRALIAN UNITY OFFICE FUND,6/30/2018,48.0,Real Estate,0.0
AVL,AVL,AUSTRALIAN VANADIUM LIMITED,6/30/2016,45.0,Materials,17.165991902833994
ANS,ANS,AUSTSINO RESOURCES GROUP LIMITED,6/30/2017,840.0,Materials,78.5714285714285
AVA,AVA,AVA RISK GROUP LIMITED,6/30/2018,54.0,Technology Hardware & Equipment,0.0
AVN,AVN,AVENTUS RETAIL PROPERTY FUND,6/30/2016,802.0,Real Estate,5.663288094829067
AOG,AOG,AVEO GROUP,6/30/2016,49.0,Real Estate,-12.570355822550841
AVH,AVH,AVITA MEDICAL LTD,6/30/2018,40.0,"Pharmaceuticals, Biotechnology & Life Sciences",0.0
AVJ,AVJ,AVJENNINGS LIMITED,6/30/2016,33.0,Real Estate,14.510970979988418
AVQ,AVQ,AXIOM MINING LIMITED,9/30/2016,157.0,Materials,-15.271978829755955
AZS,AZS,AZURE MINERALS LIMITED,6/30/2015,861.0,Materials,64.02102803738315
BBN,BBN,BABY BUNTING GROUP LIMITED,6/26/2016,31.0,Retailing,-26.181194184072627
BTI,BTI,BAILADOR TECHNOLOGY INVESTMENTS LIMITED,6/30/2016,94.0,Diversified Financials,1.832121964190747
BAP,BAP,BAPCOR LIMITED,6/30/2016,83.0,Retailing,5.891455972101134
BAR,BAR,BARRA RESOURCES LIMITED,6/30/2015,4430.0,Materials,426.46511627906943
BST,BST,BARRACK ST INVESTMENTS LIMITED,6/30/2015,8163339.999999999,Not Applic,10.526928048255067
BMH,BMH,BAUMART HOLDINGS LIMITED,6/30/2017,307.0,Capital Goods,4.0137221269296735
BCI,BCI,BCI MINERALS LIMITED,6/30/2017,57.99999999999999,Materials,-13.614114968696644
BPT,BPT,BEACH ENERGY LIMITED,6/30/2018,92.0,Energy,0.0
BCN,BCN,BEACON MINERALS LIMITED,6/30/2015,433.0,Materials,11.276595744680845
BAL,BAL,BELLAMY'S AUSTRALIA LIMITED,6/30/2016,87.0,"Food, Beverage & Tobacco",-36.0436826240229
BLT,BLT,BENITEC BIOPHARMA LIMITED,6/30/2017,174.0,"Pharmaceuticals, Biotechnology & Life Sciences",20.508825319537426
BEL,BEL,BENTLEY CAPITAL LIMITED,6/30/2016,36.0,Diversified Financials,-16.990799031476993
BKY,BKY,BERKELEY ENERGIA LIMITED,6/30/2017,86.0,Energy,-3.9612350687401374
BNO,BNO,BIONOMICS LIMITED,6/30/2017,41.0,"Pharmaceuticals, Biotechnology & Life Sciences",21.931737040034278
BIS,BIS,BISALLOY STEEL GROUP LIMITED,6/30/2018,38.0,Materials,0.0
BSN,BSN,BISAN LIMITED,6/30/2016,303.0,Diversified Financials,
BKL,BKL,BLACKMORES LIMITED,6/30/2016,54.0,Household & Personal Products,-19.275084114084578
BWF,BWF,BLACKWALL LIMITED,6/30/2017,61.0,Diversified Financials,8.732479930570621
BWR,BWR,BLACKWALL PROPERTY TRUST,6/30/2016,44.0,Real Estate,-1.9112429477112776
BCT,BCT,BLUECHIIP LIMITED,6/30/2016,360.0,Technology Hardware & Equipment,28.31506849315066
BLG,BLG,BLUGLASS LIMITED,6/30/2017,86.0,Semiconductors & Semiconductor Equipment,24.898013245033127
BMG,BMG,BMG RESOURCES LIMITED,6/30/2017,6418.000000000001,Materials,18.513931888544874
BDA,BDA,BOD AUSTRALIA LIMITED,6/30/2017,156.0,Retailing,169.58815175491992
BAH,BAH,BOJUN AGRICULTURE HOLDINGS LIMITED,9/30/2015,53.0,"Food, Beverage & Tobacco",
BLD,BLD,BORAL LIMITED.,6/30/2018,35.0,Materials,0.0
BUY,BUY,BOUNTY OIL & GAS NL,6/30/2017,164.0,Energy,-17.002724795640315
BRB,BRB,BREAKER RESOURCES NL,6/30/2016,93991.0,Materials,114.63364361702128
BBL,BBL,BRISBANE BRONCOS LIMITED,12/31/2017,38.0,Media,4.457752255947495
BPL,BPL,BROKEN HILL PROSPECTING LIMITED,6/30/2016,79.0,Materials,-36.31657690005985
BEE,BEE,BROO LTD,6/30/2017,90.0,"Food, Beverage & Tobacco",-43.321329639889186
BUB,BUB,BUBS AUSTRALIA LIMITED,6/30/2016,101.0,"Food, Beverage & Tobacco",457.6507936507938
BIQ,BIQ,"BUILDINGIQ, INC",12/31/2015,201.0,Software & Services,-50.71287128712871
BRU,BRU,BURU ENERGY LIMITED,12/31/2017,3504.0,Energy,55.70370370370371
BUX,BUX,BUXTON RESOURCES LIMITED,6/30/2016,1030.0,Materials,122.82721382289424
BMP,BMP,BUYMYPLACE.COM.AU LIMITED,6/30/2017,94.0,Real Estate,-41.47317073170733
BWX,BWX,BWX LIMITED,6/30/2016,95.0,Household & Personal Products,25.548694606664387
BPG,BPG,BYTE POWER GROUP LIMITED,6/30/2017,32.0,Retailing,
CXL,CXL,CALIX LIMITED,6/30/2016,78.0,Not Applic,
CAN,CAN,CANN GROUP LIMITED,6/30/2018,17753.0,"Pharmaceuticals, Biotechnology & Life Sciences",0.0
CAE,CAE,CANNINDAH RESOURCES LIMITED,6/30/2017,47.0,Materials,53.55113636363641
CAQ,CAQ,CAQ HOLDINGS LIMITED,12/31/2015,219.0,Real Estate,-12.177880386983281
CVV,CVV,CARAVEL MINERALS LIMITED,6/30/2016,1696.0,Materials,-25.71526195899772
CRB,CRB,CARBINE RESOURCES LIMITED,12/31/2017,74.0,Materials,-53.71527777777778
CDV,CDV,CARDINAL RESOURCES LIMITED,6/30/2016,729.0,Materials,76.61059190031153
CAV,CAV,CARNAVALE RESOURCES LIMITED,6/30/2015,99.0,Materials,-21.646039603960386
CCE,CCE,CARNEGIE CLEAN ENERGY LIMITED,6/30/2017,366.0,Utilities,-46.545951486163304
CMD,CMD,CASSIUS MINING LIMITED,6/30/2016,267.0,Materials,-2.2053691275167795
CYL,CYL,CATALYST METALS LIMITED,6/30/2015,2109.0,Materials,63.93914680050188
CAT,CAT,CATAPULT GROUP INTERNATIONAL LTD,6/30/2016,54.0,Technology Hardware & Equipment,-33.854625550660785
CXU,CXU,CAULDRON ENERGY LIMITED,6/30/2017,397.0,Energy,-19.68253968253968
CBC,CBC,CBG CAPITAL LIMITED,6/30/2016,512.0,Not Applic,1.2159545358871815
CT1,CT1,CCP TECHNOLOGIES LIMITED,6/30/2017,1604.0,Technology Hardware & Equipment,-14.19354838709677
CDY,CDY,CELLMID LIMITED,6/30/2016,72.0,"Pharmaceuticals, Biotechnology & Life Sciences",-1.4502487562189053
CLA,CLA,CELSIUS RESOURCES LIMITED.,6/30/2017,190.0,Materials,171.99558985667042
CTL,CTL,CENTENNIAL MINING LIMITED,6/30/2016,685.0,Materials,
CIP,CIP,CENTURIA INDUSTRIAL REIT,6/30/2016,50.0,Real Estate,-3.0539892457491646
CMA,CMA,CENTURIA METROPOLITAN REIT,6/30/2015,53.0,Real Estate,2.0658085569253086
CHN,CHN,CHALICE GOLD MINES LIMITED,6/30/2015,463.0,Materials,33.83166666666666
CWL,CWL,CHANT WEST HOLDINGS LIMITED,6/30/2016,134.0,Software & Services,-62.17023255813953
CHP,CHP,CHAPMANS LIMITED,12/31/2015,504.0,Diversified Financials,-34.114942528735625
CHC,CHC,CHARTER HALL GROUP,6/30/2016,52.0,Real Estate,12.935068924471071
CLW,CLW,CHARTER HALL LONG WALE REIT,6/30/2017,195.0,Real Estate,0.12950519242516798
CHZ,CHZ,CHESSER RESOURCES LIMITED,6/30/2015,117.0,Materials,5.178160919540232
CMC,CMC,CHINA MAGNESIUM CORPORATION LIMITED,6/30/2017,16106.0,Materials,4.766269477543537
CDH,CDH,CHONGHERR INVESTMENTS LTD,12/31/2015,42.0,Materials,38.229508196721305
CRO,CRO,CIRRALTO LIMITED,6/30/2018,695.0,Software & Services,0.0
CVL,CVL,CIVMEC LIMITED,6/30/2018,114.0,Capital Goods,0.0
CL1,CL1,CLASS LIMITED,6/30/2016,45.0,Software & Services,1.843268543197036
CSS,CSS,CLEAN SEAS SEAFOOD LIMITED,6/30/2016,63.0,"Food, Beverage & Tobacco",17.559496033597764
CLQ,CLQ,CLEAN TEQ HOLDINGS LIMITED,6/30/2016,84.0,Commercial & Professional Services,160.16361735493982
CVW,CVW,CLEARVIEW WEALTH LIMITED,6/30/2017,36.0,Diversified Financials,-8.985034013605441
CUV,CUV,CLINUVEL PHARMACEUTICALS LIMITED,6/30/2016,106.0,"Pharmaceuticals, Biotechnology & Life Sciences",37.80004393029728
CLV,CLV,CLOVER CORPORATION LIMITED,7/31/2016,43.0,Health Care Equipment & Services,13.767100293747378
CDA,CDA,CODAN LIMITED,6/30/2017,33.0,Technology Hardware & Equipment,18.520547945205482
CL8,CL8,COLLABORATE CORPORATION LIMITED,6/30/2016,46.0,Software & Services,53.30170777988613
COM,COM,COMOPS LIMITED,12/31/2015,31.0,Software & Services,-16.323387872954758
CNJ,CNJ,CONICO LTD,6/30/2016,140.0,Materials,77.91848617176129
CIO,CIO,CONNECTED IO LIMITED,6/30/2016,7238233.0,Technology Hardware & Equipment,-27.45961002785516
COG,COG,CONSOLIDATED OPERATIONS GROUP LIMITED,6/30/2015,95.0,Not Applic,24.679159568427025
CGA,CGA,CONTANGO ASSET MANAGEMENT LIMITED,6/30/2017,37609.0,Diversified Financials,-47.08956568751128
COE,COE,COOPER ENERGY LIMITED,6/30/2017,71.0,Energy,14.693634741225464
COY,COY,COPPERMOLY LIMITED,6/30/2016,64.0,Materials,99.88913525498889
CTD,CTD,CORPORATE TRAVEL MANAGEMENT LIMITED,6/30/2016,34.0,Consumer Services,38.57360657974718
CVT,CVT,COVATA LIMITED,6/30/2018,237.0,Software & Services,0.0
CZR,CZR,COZIRON RESOURCES LIMITED,6/30/2016,223.0,Materials,88.3333333333333
CRD,CRD,CREDIBLE LABS INC.,12/31/2015,3236.9999999999995,Diversified Financials,
CLI,CLI,CROPLOGIC LIMITED,3/31/2016,137.0,Commercial & Professional Services,
CUX,CUX,CROSSLAND STRATEGIC METALS LTD,12/31/2015,149.0,Materials,-35.09132420091321
CV1,CV1,CV CHECK LTD,6/30/2016,171.0,Software & Services,-54.58711433756806
CVC,CVC,CVC LIMITED,6/30/2018,38.0,Diversified Financials,0.0
CY5,CY5,CYGNUS GOLD LIMITED,12/31/2017,196.0,Materials,
CYP,CYP,CYNATA THERAPEUTICS LIMITED,6/30/2016,285.0,"Pharmaceuticals, Biotechnology & Life Sciences",32.568958245466035
DCN,DCN,DACIAN GOLD LIMITED,6/30/2017,147.0,Materials,33.0456658463221
DAU,DAU,DAMPIER GOLD LIMITED,6/30/2017,56.00000000000001,Materials,-1.5950920245398763
DHR,DHR,DARK HORSE RESOURCES LIMITED,6/30/2015,1023.0,Materials,0.0
DTM,DTM,DART MINING NL,6/30/2016,200.0,Materials,-33.717693836978114
DEG,DEG,DE GREY MINING LIMITED,6/30/2017,38.0,Materials,71.32015810276685
DSX,DSX,DECIMAL SOFTWARE LIMITED,6/30/2016,117.0,Software & Services,-26.12950699043415
D13,D13,DEPARTMENT 13 INTERNATIONAL LTD,6/30/2017,179.0,Capital Goods,-27.024164184045013
DGH,DGH,DESANE GROUP HOLDINGS LIMITED,6/30/2016,144.0,Real Estate,47.823255813953494
DXS,DXS,DEXUS,6/30/2015,49.0,Real Estate,14.550108524811025
DGR,DGR,DGR GLOBAL LIMITED,6/30/2016,130.0,Materials,170.09098428453277
DMC,DMC,DIGIMATIC GROUP LIMITED,3/31/2018,57.99999999999999,Software & Services,0.0
DXB,DXB,DIMERIX LIMITED,6/30/2016,156.0,"Pharmaceuticals, Biotechnology & Life Sciences",1.222680913064594
DCL,DCL,DOMACOM LIMITED,6/30/2016,10732.0,Diversified Financials,-50.6188340807175
DHG,DHG,DOMAIN HOLDINGS AUSTRALIA LIMITED.,6/24/2018,105.0,Software & Services,0.0
DNA,DNA,DONACO INTERNATIONAL LIMITED,6/30/2016,650.0,Consumer Services,-9.37961882535978
DRM,DRM,DORAY MINERALS LIMITED,6/30/2017,40.0,Materials,8.285714285714286
DVL,DVL,DORSAVI LTD,6/30/2016,122.0,"Pharmaceuticals, Biotechnology & Life Sciences",-14.095744680851068
DOW,DOW,DOWNER EDI LIMITED,6/30/2018,66.0,Commercial & Professional Services,0.0
DRK,DRK,DRAKE RESOURCES LIMITED,6/30/2015,36.0,Materials,-51.750037554453975
DSE,DSE,DROPSUITE LIMITED,12/31/2015,384.0,Software & Services,62.23123123123121
DUB,DUB,DUBBER CORPORATION LIMITED,6/30/2016,636.0,Software & Services,-34.615806805708004
D2O,D2O,DUXTON WATER LIMITED,12/31/2017,225.0,Utilities,7.401403249630722
DWS,DWS,DWS LIMITED,6/30/2016,54.0,Software & Services,25.23651711739877
E2M,E2M,E2 METALS LIMITED,6/30/2016,44.0,Materials,
EHH,EHH,EAGLE HEALTH HOLDINGS LIMITED,12/31/2015,43.0,Household & Personal Products,
EAS,EAS,EASTON INVESTMENTS LIMITED,6/30/2018,195.0,Diversified Financials,0.0
ECG,ECG,ECARGO HOLDINGS LIMITED,12/31/2015,249.00000000000003,Commercial & Professional Services,-3.6832479882955367
EAR,EAR,ECHO RESOURCES LIMITED,6/30/2015,50.0,Materials,125.46541025051708
EPM,EPM,ECLIPSE METALS LIMITED.,6/30/2017,81.0,Energy,-6.683804627249353
EDE,EDE,EDEN INNOVATIONS LTD,6/30/2018,38.0,Energy,0.0
EGA,EGA,EGAN STREET RESOURCES LIMITED,6/30/2017,2975.0,Materials,-2.8931185944363107
EDC,EDC,EILDON CAPITAL LIMITED,6/30/2016,65.0,Diversified Financials,
ENN,ENN,ELANOR INVESTORS GROUP,6/30/2017,39.0,Consumer Services,-6.8300735689933605
ERF,ERF,ELANOR RETAIL PROPERTY FUND,6/30/2017,146.0,Real Estate,-2.7415730337078665
ELT,ELT,ELEMENTOS LIMITED,6/30/2015,665.0,Materials,-10.291262135922326
EXL,EXL,ELIXINOL GLOBAL LIMITED,6/30/2004,32.0,Household & Personal Products,
ELO,ELO,ELMO SOFTWARE LIMITED,6/30/2017,36.0,Software & Services,107.36006963042317
EMB,EMB,EMBELTON LIMITED,6/30/2018,34.0,Capital Goods,0.0
EMR,EMR,EMERALD RESOURCES NL,6/30/2016,6602.0,Materials,16.147420147420153
EML,EML,EML PAYMENTS LIMITED,6/30/2016,61.0,Software & Services,16.386666666666667
ERM,ERM,EMMERSON RESOURCES LIMITED,6/30/2015,69.0,Materials,152.74719101123586
EME,EME,ENERGY METALS LTD,12/31/2016,92.0,Energy,37.81909547738695
EOL,EOL,ENERGY ONE LIMITED,6/30/2018,71.0,Software & Services,0.0
EXO,EXO,ENNOX GROUP LTD,6/30/2015,257.0,Diversified Financials,-57.37113402061853
ETE,ETE,ENTEK ENERGY LTD,6/30/2017,498.00000000000006,Energy,-15.900826446280991
ECT,ECT,ENVIRONMENTAL CLEAN TECHNOLOGIES LIMITED.,6/30/2016,567.0,Commercial & Professional Services,-13.425814234016881
EGH,EGH,EUREKA GROUP HOLDINGS LIMITED,6/30/2016,78.0,Real Estate,-40.51562068012165
EUR,EUR,EUROPEAN LITHIUM LIMITED,6/30/2016,12699903.0,Materials,14.99725274725275
EZL,EZL,EUROZ LIMITED,6/30/2017,41.0,Diversified Financials,8.290642969158393
ED1,ED1,EVANS DIXON LIMITED,6/30/2018,39.0,Diversified Financials,0.0
EVE,EVE,EVE INVESTMENTS LIMITED,6/30/2017,4800.0,Diversified Financials,51.008174386920956
EVN,EVN,EVOLUTION MINING LIMITED,6/30/2016,100.0,Materials,12.547275054864668
EVO,EVO,EVOLVE EDUCATION GROUP LIMITED,3/31/2016,248.0,Consumer Services,-4.030460008288438
EXP,EXP,EXPERIENCE CO LIMITED,6/30/2016,122.0,Consumer Services,32.15021129466001
FTT,FTT,FACTOR THERAPEUTICS LIMITED,6/30/2017,803.9999999999999,"Pharmaceuticals, Biotechnology & Life Sciences",-24.120281509916836
FFC,FFC,FARMAFORCE LIMITED,6/30/2016,453.0,Health Care Equipment & Services,-29.22587486744433
FBR,FBR,FASTBRICK ROBOTICS LTD,6/30/2016,31.0,Capital Goods,181.30153321976158
FFG,FFG,FATFISH INTERNET GROUP LTD,12/31/2016,366.0,Diversified Financials,-29.337816864976716
FTZ,FTZ,FERTOZ LIMITED,6/30/2015,20355.0,Materials,-29.980735551663763
FID,FID,FIDUCIAN GROUP LIMITED,6/30/2016,35.0,Diversified Financials,61.441339620024955
FSG,FSG,FIELD SOLUTIONS HOLDINGS LIMITED,6/30/2016,70.0,Telecommunication Services,-13.979710144927553
FAU,FAU,FIRST AU LIMITED,12/31/2016,6743.000000000001,Materials,3.9875695125940447
FGF,FGF,FIRST GROWTH FUNDS LIMITED,6/30/2016,261.0,Not Applic,-4.95327102803738
FCT,FCT,FIRSTWAVE CLOUD TECHNOLOGY LIMITED,6/30/2016,37.0,Software & Services,-56.19988629903354
FGO,FGO,FLAMINGO AI LIMITED,6/30/2017,196.0,Software & Services,-12.551058299294471
FRX,FRX,FLEXIROAM LIMITED,3/31/2016,70.0,Telecommunication Services,-37.77854671280277
FLK,FLK,FOLKESTONE LIMITED,6/30/2017,263.0,Real Estate,6.675824175824176
FNP,FNP,FREEDOM FOODS GROUP LIMITED,6/30/2016,86.0,"Food, Beverage & Tobacco",6.15305334846765
FIG,FIG,FREEDOM INSURANCE GROUP LTD,6/30/2017,86.0,Insurance,-42.06247442368025
FLN,FLN,FREELANCER LIMITED,12/31/2015,48.0,Software & Services,13.665865745607448
FPL,FPL,FREMONT PETROLEUM CORPORATION LIMITED,6/30/2015,67.0,Energy,-65.11457731561717
FGX,FGX,FUTURE GENERATION INVESTMENT COMPANY LIMITED,12/31/2017,80.0,Not Applic,12.467306015693113
GEM,GEM,G8 EDUCATION LIMITED,12/31/2015,42.0,Consumer Services,0.2783494105037514
GCM,GCM,GARDA CAPITAL GROUP,6/30/2017,31.0,Not Applic,20.946110295659466
GGX,GGX,GAS2GRID LIMITED,6/30/2015,1381.0,Energy,-44.320557491289165
GCY,GCY,GASCOYNE RESOURCES LIMITED,6/30/2015,63.0,Materials,422.0207468879668
GTY,GTY,GATEWAY LIFESTYLE GROUP,6/30/2015,242.0,Real Estate,4.617556123134831
GDI,GDI,GDI PROPERTY GROUP,6/30/2015,41.0,Real Estate,2.0551247118004614
GMD,GMD,GENESIS MINERALS LIMITED,6/30/2016,79.0,Materials,-3.5041322314049594
GES,GES,GENESIS RESOURCES LIMITED,6/30/2016,304.0,Materials,-35.379885814668405
GSS,GSS,GENETIC SIGNATURES LIMITED,6/30/2016,62.0,"Pharmaceuticals, Biotechnology & Life Sciences",-28.337725381414703
GTK,GTK,GENTRACK GROUP LIMITED,9/30/2017,43.0,Software & Services,42.45791245791246
GMA,GMA,GENWORTH MORTGAGE INSURANCE AUSTRALIA LIMITED,12/31/2015,33.0,Banks,-18.874363597793806
GPR,GPR,GEOPACIFIC RESOURCES LTD,12/31/2017,106.0,Materials,-6.3785046728971935
GSW,GSW,GETSWIFT LIMITED,6/30/2017,212.0,Software & Services,-32.72778245023831
GSC,GSC,GLOBAL GEOSCIENCE LIMITED,6/30/2017,4065.0,Materials,115.22851153039828
GMG,GMG,GOODMAN GROUP,6/30/2016,33.0,Real Estate,16.878049446796883
GOW,GOW,GOWING BROS LIMITED,7/31/2016,65.0,Diversified Financials,0.622828226033174
GRR,GRR,GRANGE RESOURCES LIMITED.,12/31/2016,34.0,Materials,56.61749022396017
GPX,GPX,GRAPHEX MINING LIMITED,6/30/2017,585.0,Materials,-18.505444126074487
GSN,GSN,GREAT SOUTHERN MINING LIMITED,6/30/2016,318.0,Materials,1.858019281332164
GGG,GGG,GREENLAND MINERALS LIMITED,12/31/2017,53.0,Materials,-21.758865248226943
GUL,GUL,GULLEWA LIMITED,6/30/2017,695.0,Materials,57.834146341463395
HHM,HHM,HAMPTON HILL MINING NL,6/30/2015,1241.0,Materials,25.082304526748953
HSN,HSN,HANSEN TECHNOLOGIES LIMITED,6/30/2016,40.0,Software & Services,-7.901133654454338
HE8,HE8,HELIOS ENERGY LTD,6/30/2015,51.0,Energy,6.959595959595956
HOT,HOT,HOTCOPPER HOLDINGS LIMITED,6/30/2017,41.0,Software & Services,24.842562432138976
HRL,HRL,HRL HOLDINGS LTD,6/30/2016,80.0,Commercial & Professional Services,-18.980273141122915
HT1,HT1,HT&E LIMITED,12/31/2017,57.99999999999999,Media,-5.5862466068931464
HUB,HUB,HUB24 LIMITED,6/30/2016,49.0,Diversified Financials,47.55389041566473
HTA,HTA,HUTCHISON TELECOMMUNICATIONS (AUSTRALIA) LIMITED,12/31/2015,456.0,Telecommunication Services,3.1850961538461537
HCO,HCO,HYLEA METALS LIMITED,6/30/2017,38.0,Materials,-27.22021660649817
IBN,IBN,IBUYNEW GROUP LIMITED,6/30/2016,2899.0,Real Estate,-64.54668470906626
ICI,ICI,ICANDY INTERACTIVE LIMITED,12/31/2016,665.0,Software & Services,-41.10891089108914
ICQ,ICQ,ICAR ASIA LIMITED,12/31/2015,123.0,Media,-29.55104188591876
ICT,ICT,ICOLLEGE LIMITED,6/30/2018,52.0,Consumer Services,0.0
ID8,ID8,IDENTITII LIMITED,6/30/2017,623.0,Class Pend,
IDT,IDT,IDT AUSTRALIA LIMITED,6/30/2018,39.0,"Pharmaceuticals, Biotechnology & Life Sciences",0.0
IKW,IKW,IKWEZI MINING LIMITED,6/30/2015,1426.0,Energy,12.100456621004556
ILU,ILU,ILUKA RESOURCES LIMITED,12/31/2017,39.0,Materials,24.649207165701252
IBX,IBX,IMAGION BIOSYSTEMS LIMITED,12/31/2017,2825375.0,Health Care Equipment & Services,-47.69070010449321
IME,IME,IMEXHS LIMITED,12/31/2017,44.0,Software & Services,
IMF,IMF,IMF BENTHAM LIMITED,6/30/2016,43.0,Diversified Financials,35.31118355065196
IMC,IMC,IMMURON LIMITED,6/30/2017,39.0,"Pharmaceuticals, Biotechnology & Life Sciences",9.982608695652171
IMM,IMM,IMMUTEP LIMITED,6/30/2016,32.0,"Pharmaceuticals, Biotechnology & Life Sciences",-30.947126436781605
IMS,IMS,IMPELUS LIMITED,6/30/2016,85.0,Software & Services,-76.76457180071634
IMU,IMU,IMUGENE LIMITED,6/30/2016,145.0,"Pharmaceuticals, Biotechnology & Life Sciences",60.54307116104865
INP,INP,INCENTIAPAY LIMITED,6/30/2017,120.0,Software & Services,-60.43359482693803
INK,INK,INDAGO ENERGY LIMITED,12/31/2016,73.0,Energy,45.76557863501486
IGO,IGO,INDEPENDENCE GROUP NL,6/30/2018,84.0,Materials,0.0
IDZ,IDZ,INDOOR SKYDIVE AUSTRALIA GROUP LIMITED,6/30/2015,430.0,Consumer Services,-7.628787878787879
IDR,IDR,INDUSTRIA REIT,6/30/2017,34.0,Real Estate,10.296944673823289
INA,INA,INGENIA COMMUNITIES GROUP,6/30/2015,69.0,Real Estate,7.4042693179326
IHR,IHR,INTELLIHR HOLDINGS LIMITED,6/30/2016,88.0,Software & Services,
IEC,IEC,INTRA ENERGY CORPORATION LIMITED,6/30/2015,32.0,Energy,-25.14102564102562
IOF,IOF,INVESTA OFFICE FUND,6/30/2015,56.99999999999999,Real Estate,9.239071697384928
INV,INV,INVESTSMART GROUP LIMITED,6/30/2016,47.0,Diversified Financials,-7.148936170212764
IVO,IVO,INVIGOR GROUP LIMITED,12/31/2015,573.0,Media,-60.230160632941725
IVX,IVX,INVION LIMITED,6/30/2018,637.0,"Pharmaceuticals, Biotechnology & Life Sciences",0.0
IPH,IPH,IPH LIMITED,6/30/2016,74.0,Commercial & Professional Services,-23.61894510226049
IQ3,IQ3,IQ3CORP LIMITED,6/30/2016,271.0,Diversified Financials,-4.573084352865424
IBC,IBC,IRONBARK CAPITAL LIMITED,6/30/2017,24971.0,Diversified Financials,-2.6283788733426117
ISX,ISX,ISIGNTHIS LTD,6/30/2016,1433.0,Software & Services,-21.205718395971946
JIP,JIP,JACK-IN GROUP LIMITED,3/31/2015,98.0,Capital Goods,
JAL,JAL,JAMESON RESOURCES LIMITED,6/30/2016,121.0,Materials,140.1710526315791
JAN,JAN,JANISON EDUCATION GROUP LIMITED,6/30/2017,35.0,Software & Services,59.98882681564254
JHL,JHL,JAYEX HEALTHCARE LIMITED,12/31/2015,84.0,Health Care Equipment & Services,-59.18181818181818
JAY,JAY,JAYRIDE GROUP LIMITED,6/30/2016,118.0,Retailing,
JRV,JRV,JERVOIS MINING LIMITED,6/30/2017,50.0,Materials,116.94841269841257
JJF,JJF,JIAJIAFU MODERN AGRICULTURE LIMITED,6/30/2018,32.0,"Food, Beverage & Tobacco",0.0
JYC,JYC,JOYCE CORPORATION LTD,6/30/2016,63.0,Retailing,30.176722817764173
KAI,KAI,KAIROS MINERALS LIMITED,6/30/2015,95.0,Materials,-11.777777777777775
KGM,KGM,KALNORTH GOLD MINES LIMITED,6/30/2016,16738.0,Materials,-37.25398313027177
KPT,KPT,KANGAROO ISLAND PLANTATION TIMBERS LTD,6/30/2017,118.0,Materials,-0.08613024147851105
KAT,KAT,KATANA CAPITAL LIMITED,6/30/2018,336.0,Not Applic,0.0
KPC,KPC,KAZAKHSTAN POTASH CORPORATION LIMITED,12/31/2016,109.0,Materials,-52.85682125168845
KZA,KZA,KAZIA THERAPEUTICS LIMITED,6/30/2016,90.0,"Pharmaceuticals, Biotechnology & Life Sciences",-48.60591672753835
KPG,KPG,KELLY PARTNERS GROUP HOLDINGS LIMITED,6/30/2017,43.0,Commercial & Professional Services,-7.6707932141219635
KEY,KEY,KEY PETROLEUM LIMITED,6/30/2015,59.0,Energy,-42.17506631299732
KDR,KDR,KIDMAN RESOURCES LIMITED,6/30/2017,491.0,Materials,131.4926398429833
KIN,KIN,KIN MINING NL,6/30/2017,788.0,Materials,-35.49722222222223
KLO,KLO,KINGSLAND GLOBAL LTD,3/31/2017,35.0,Real Estate,-23.196805476326297
KRM,KRM,KINGSROSE MINING LIMITED,6/30/2015,770.0,Materials,-34.085955487336925
KLA,KLA,KIRKLAND LAKE GOLD LTD,12/31/2016,132.0,Materials,
KNO,KNO,KNOSYS LIMITED,6/30/2018,168.0,Software & Services,0.0
KGN,KGN,KOGAN.COM LTD,6/30/2017,37.0,Retailing,184.6833273316528
KKT,KKT,KONEKT LIMITED,6/30/2018,68.0,Health Care Equipment & Services,0.0
KYK,KYK,KYCKR LIMITED,6/30/2017,5308.0,Software & Services,1.5150884495317372
LKO,LKO,LAKES OIL NL,6/30/2017,52.0,Energy,51.26760563380279
LMW,LMW,LANDMARK WHITE LIMITED,6/30/2018,72.0,Real Estate,0.0
LBL,LBL,LASERBOND LIMITED,6/30/2017,31.0,Capital Goods,0.14384508990318126
LAA,LAA,LATAM AUTOS LIMITED,12/31/2015,427.0,Software & Services,-20.247555012224943
LBT,LBT,LBT INNOVATIONS LIMITED,6/30/2016,226.0,Health Care Equipment & Services,26.543371522094922
LIC,LIC,LIFESTYLE COMMUNITIES LIMITED,6/30/2017,44.0,Real Estate,28.97499428571429
LNK,LNK,LINK ADMINISTRATION HOLDINGS LIMITED,6/30/2016,32.0,Software & Services,1.8514765200936216
LIT,LIT,LITHIUM AUSTRALIA NL,6/30/2016,576.0,Materials,-26.60095238095237
LCA,LCA,LITIGATION CAPITAL MANAGEMENT LIMITED,6/30/2017,226.0,Diversified Financials,21.090783569209528
LVH,LVH,LIVEHIRE LIMITED,6/30/2016,204.0,Software & Services,209.6109839816933
LVT,LVT,LIVETILES LIMITED,6/30/2016,177.0,Software & Services,13.095571095571096
LCT,LCT,LIVING CELL TECHNOLOGIES LIMITED,6/30/2017,39.0,"Pharmaceuticals, Biotechnology & Life Sciences",-78.04283360790771
LPE,LPE,LOCALITY PLANNING ENERGY HOLDINGS LIMITED,6/30/2016,2840.0,Utilities,-24.11976047904192
LON,LON,LONGTABLE GROUP LIMITED,6/30/2016,79.0,"Food, Beverage & Tobacco",-30.515811088295678
LVE,LVE,LOVE GROUP GLOBAL LTD,6/30/2016,84.0,Software & Services,-51.41773288439957
LYL,LYL,LYCOPODIUM LIMITED,6/30/2017,74.0,Capital Goods,34.878845838570406
M7T,M7T,MACH7 TECHNOLOGIES LIMITED,6/30/2017,453.0,Health Care Equipment & Services,7.200663349917082
MAH,MAH,MACMAHON HOLDINGS LIMITED,6/30/2018,96.0,Materials,0.0
MRN,MRN,MACQUARIE MEDIA LIMITED,6/30/2016,38.0,Media,23.743288590604013
MFG,MFG,MAGELLAN FINANCIAL GROUP LIMITED,6/30/2018,33.0,Diversified Financials,0.0
MGU,MGU,MAGNUM MINING AND EXPLORATION LIMITED,12/31/2015,4743.0,Materials,26.87546607009693
MAI,MAI,MAINSTREAM GROUP HOLDINGS LIMITED,6/30/2016,59.0,Diversified Financials,-16.876397881106534
MGP,MGP,MANAGED ACCOUNTS HOLDINGS LIMITED,6/30/2018,120.0,Diversified Financials,0.0
MMM,MMM,MARLEY SPOON AG,12/31/2016,646.0,Consumer Services,
MYE,MYE,MASTERMYNE GROUP LIMITED,6/30/2018,62.0,Materials,0.0
MSP,MSP,MAXSEC GROUP LIMITED,6/30/2017,74.0,Technology Hardware & Equipment,-15.29411764705882
MEA,MEA,MCGRATH LIMITED,6/30/2016,41.0,Real Estate,-45.34577581092566
MMR,MMR,MEC RESOURCES LIMITED,6/30/2017,155.0,Energy,-28.273328434974275
MDR,MDR,MEDADVISOR LIMITED,6/30/2017,198.0,Health Care Equipment & Services,27.22513089005234
MEB,MEB,MEDIBIO LIMITED,6/30/2016,589.0,"Pharmaceuticals, Biotechnology & Life Sciences",10.119988462647825
MVP,MVP,MEDICAL DEVELOPMENTS INTERNATIONAL LIMITED,6/30/2016,33.0,"Pharmaceuticals, Biotechnology & Life Sciences",5.628249214272508
MDC,MDC,MEDLAB CLINICAL LIMITED,6/30/2016,141.0,"Pharmaceuticals, Biotechnology & Life Sciences",83.75573549257759
MP1,MP1,MEGAPORT LIMITED,6/30/2017,265.0,Software & Services,69.40204098844565
MJC,MJC,MEJORITY CAPITAL LIMITED,6/30/2017,46.0,Diversified Financials,33.85554425228889
MVT,MVT,MERCANTILE INVESTMENT COMPANY LTD,6/30/2016,1851.0,Diversified Financials,8.65548387096775
MBK,MBK,METAL BANK LIMITED,6/30/2017,1772.0,Materials,-26.560255387071017
MLM,MLM,METALLICA MINERALS LIMITED,6/30/2015,91.0,Materials,-21.541247484909462
MLX,MLX,METALS X LIMITED,6/30/2017,230.0,Materials,-1.9375073694139842
MEI,MEI,METEORIC RESOURCES NL,6/30/2016,2171.0,Materials,150.70748299319715
MEL,MEL,METGASCO LTD,6/30/2016,139.0,Energy,-20.486504498500512
MX1,MX1,MICRO-X LIMITED,6/30/2016,1139.0,Health Care Equipment & Services,2.2445485673094256
MAM,MAM,MICROEQUITIES ASSET MANAGEMENT GROUP LIMITED,6/30/2017,86.0,Diversified Financials,
MDI,MDI,MIDDLE ISLAND RESOURCES LIMITED,6/30/2015,132.0,Materials,529.9999999999997
MWY,MWY,MIDWAY LIMITED,6/30/2016,46.0,Materials,-0.5226337448559671
MHD,MHD,MILLENNIUM LIMITED,6/30/2017,137858.0,Consumer Durables & Apparel,
MNB,MNB,MINBOS RESOURCES LIMITED,6/30/2015,31.0,Materials,11.276595744680845
MCR,MCR,MINCOR RESOURCES NL,6/30/2018,63.0,Materials,0.0
MIR,MIR,MIRRABOOKA INVESTMENTS LIMITED,6/30/2018,34.0,Diversified Financials,0.0
MGR,MGR,MIRVAC GROUP,6/30/2016,38.0,Real Estate,11.208787117192593
MSV,MSV,MITCHELL SERVICES LIMITED,6/30/2016,31.0,Capital Goods,43.83156297420335
MUA,MUA,MITULA GROUP LIMITED,12/31/2015,92.0,Software & Services,0.07405956112852664
MOE,MOE,MOELIS AUSTRALIA LIMITED,12/31/2016,49.0,Diversified Financials,
MND,MND,MONADELPHOUS GROUP LIMITED,6/30/2018,39.0,Capital Goods,0.0
MOX,MOX,MONAX MINING LIMITED,6/30/2015,61.0,Materials,24.603481624758206
MNY,MNY,MONEY3 CORPORATION LIMITED,6/30/2016,40.0,Diversified Financials,19.651242374646632
MTO,MTO,MOTORCYCLE HOLDINGS LIMITED,6/30/2018,38.0,Retailing,0.0
MGX,MGX,MOUNT GIBSON IRON LIMITED,6/30/2018,39.0,Materials,0.0
MRD,MRD,MOUNT RIDLEY MINES LIMITED,6/30/2017,89.0,Materials,-34.949083503054965
MRQ,MRQ,MRG METALS LIMITED,6/30/2017,42.0,Materials,-9.85263157894736
MPW,MPW,MSL SOLUTIONS LIMITED,6/30/2017,107.0,Software & Services,-24.219251336898388
MSI,MSI,MULTISTACK INTERNATIONAL LIMITED,12/31/2017,61.0,Capital Goods,
MCA,MCA,MURRAY COD AUSTRALIA LIMITED,6/30/2017,438.0,"Food, Beverage & Tobacco",36.05546995377506
MRG,MRG,MURRAY RIVER ORGANICS GROUP LIMITED,6/30/2017,300.0,"Food, Beverage & Tobacco",
MGV,MGV,MUSGRAVE MINERALS LIMITED,6/30/2017,64.0,Materials,-5.039530731956132
NAG,NAG,NAGAMBIE RESOURCES LIMITED,6/30/2015,59.0,Materials,172.96720663769267
NAM,NAM,NAMOI COTTON LIMITED,2/28/2018,36.0,Commercial & Professional Services,0.0
NAN,NAN,NANOSONICS LIMITED,6/30/2016,93.0,Health Care Equipment & Services,7.0584202465173975
NAC,NAC,NAOS EX-50 OPPORTUNITIES COMPANY LIMITED,6/30/2016,260.0,Not Applic,4.710351377018044
NSC,NSC,NAOS SMALL CAP OPPORTUNITIES COMPANY LIMITED,6/30/2016,1092.0,Diversified Financials,
NSR,NSR,NATIONAL STORAGE REIT,6/30/2017,46.0,Real Estate,7.095805282237178
NVL,NVL,NATIONAL VETERINARY CARE LTD,6/30/2016,402309.0,Health Care Equipment & Services,56.37507425448498
NEA,NEA,NEARMAP LTD,6/30/2016,30.0,Commercial & Professional Services,16.324038636777836
NTC,NTC,NETCOMM WIRELESS LIMITED,6/30/2018,69.0,Technology Hardware & Equipment,0.0
NWL,NWL,NETWEALTH GROUP LIMITED,6/30/2018,36.0,Diversified Financials,0.0
NEU,NEU,NEUREN PHARMACEUTICALS LIMITED,12/31/2016,88.0,"Pharmaceuticals, Biotechnology & Life Sciences",12.107932875667428
NAE,NAE,NEW AGE EXPLORATION LIMITED,6/30/2017,2610.0,Energy,-41.126005361930254
NHC,NHC,NEW HOPE CORPORATION LIMITED,7/31/2017,59.0,Energy,49.1366983246185
NWC,NWC,NEW WORLD COBALT LIMITED,6/30/2015,127.0,Materials,-57.96874999999999
NXT,NXT,NEXTDC LIMITED,6/30/2016,52.0,Software & Services,35.17812969598892
NXM,NXM,NEXUS MINERALS LIMITED,6/30/2016,419.00000000000006,Materials,-29.03992241797317
NGE,NGE,NGE CAPITAL LIMITED,12/31/2016,111.0,Not Applic,9.469668246445496
NCK,NCK,NICK SCALI LIMITED,6/30/2016,30.0,Retailing,33.371113719847024
NIU,NIU,NIUMINCO GROUP LIMITED,6/30/2015,619.0,Materials,98.60465116279062
NKP,NKP,NKWE PLATINUM LIMITED,12/31/2015,5932.0,Materials,-28.84268060836501
NOR,NOR,NORWOOD SYSTEMS LIMITED,6/30/2016,1057.0,Software & Services,-47.1111111111111
NOV,NOV,NOVATTI GROUP LIMITED,6/30/2016,60.0,Software & Services,17.6352453872223
NHL,NHL,NOVITA HEALTHCARE LIMITED,6/30/2017,87.0,Health Care Equipment & Services,4.727272727272728
NWH,NWH,NRW HOLDINGS LIMITED,6/30/2018,99.0,Capital Goods,0.0
NSX,NSX,NSX LIMITED,6/30/2017,66.0,Diversified Financials,-24.415770609318997
NCR,NCR,NUCOAL RESOURCES LIMITED,6/30/2015,173.0,Materials,-39.87460815047019
OCP,OCP,OCEANIA CAPITAL PARTNERS LIMITED,3/31/2016,281.0,Diversified Financials,42.423309510720145
ODY,ODY,ODYSSEY ENERGY LIMITED,6/30/2015,107.0,Energy,31.513513513513512
OEX,OEX,OILEX LTD,6/30/2016,54.0,Energy,-50.221774193548356
OSL,OSL,ONCOSIL MEDICAL LTD,6/30/2016,39.0,"Pharmaceuticals, Biotechnology & Life Sciences",-20.984483681112888
OVH,OVH,ONEVUE HOLDINGS LIMITED,6/30/2017,53.0,Diversified Financials,33.11864406779662
OPN,OPN,OPENDNA LIMITED,6/30/2018,503.0,Commercial & Professional Services,0.0
OPT,OPT,OPTHEA LIMITED,6/30/2018,94.0,"Pharmaceuticals, Biotechnology & Life Sciences",0.0
OEC,OEC,ORBITAL CORPORATION LIMITED,6/30/2018,46.0,Capital Goods,0.0
ODA,ODA,ORCODA LIMITED,6/30/2016,172.0,Software & Services,-73.29855732725895
ORR,ORR,ORECORP LIMITED,6/30/2017,356.0,Materials,-32.32634300488365
ORN,ORN,ORION MINERALS LTD,6/30/2015,1084.0,Materials,-33.51470588235293
OVN,OVN,OVENTUS MEDICAL LIMITED,6/30/2016,859.0,Health Care Equipment & Services,-30.855172413793106
OTW,OTW,OVER THE WIRE HOLDINGS LIMITED,6/30/2016,46.0,Software & Services,5.726970227670753
P2P,P2P,P2P TRANSPORT LIMITED,6/30/2018,119.0,Not Applic,0.0
PAC,PAC,PACIFIC CURRENT GROUP LIMITED,6/30/2017,267.0,Diversified Financials,7.450968203151713
PNW,PNW,PACIFIC STAR NETWORK LIMITED,6/30/2018,49.0,Media,0.0
PCK,PCK,PAINCHEK LTD,6/30/2017,699.0,Health Care Equipment & Services,50.61501210653754
PGC,PGC,PARAGON CARE LIMITED,6/30/2016,190.0,Health Care Equipment & Services,11.728694642998445
PCG,PCG,PENGANA CAPITAL GROUP LIMITED,6/30/2017,30.0,Diversified Financials,21.92214729251519
PSM,PSM,PENINSULA MINES LIMITED,6/30/2016,54.0,Materials,-5.809443507588531
PPE,PPE,PEOPLE INFRASTRUCTURE LTD,6/30/2018,52.0,Commercial & Professional Services,0.0
PIL,PIL,PEPPERMINT INNOVATION LIMITED,6/30/2016,1685.0000000000002,Software & Services,-32.27038183694528
PIC,PIC,PERPETUAL EQUITY INVESTMENT COMPANY LIMITED,6/30/2016,40.0,Not Applic,0.92493901294802
PRU,PRU,PERSEUS MINING LIMITED,6/30/2018,37.0,Materials,0.0
PHI,PHI,PHILEO AUSTRALIA LIMITED,6/30/2017,256.0,Real Estate,27.785032916834606
PYC,PYC,PHYLOGICA LIMITED,6/30/2017,256660.0,"Pharmaceuticals, Biotechnology & Life Sciences",-21.440758293838858
PGY,PGY,PILOT ENERGY LIMITED,9/30/2017,11447.0,Energy,-47.9871382636656
PNI,PNI,PINNACLE INVESTMENT MANAGEMENT GROUP LIMITED,6/30/2017,31.0,Diversified Financials,79.40703451016759
PNC,PNC,PIONEER CREDIT LIMITED,6/30/2018,44.0,Diversified Financials,0.0
PGM,PGM,PLATINA RESOURCES LIMITED,6/30/2016,1806.0,Materials,65.46350088406163
PL8,PL8,PLATO INCOME MAXIMISER LIMITED.,6/30/2018,574.0,Not Applic,0.0
PLC,PLC,PLC FINANCIAL SOLUTIONS LIMITED,6/30/2017,2161.0,Diversified Financials,-53.81999999999997
PKA,PKA,PLUKKA LIMITED,6/30/2016,39.0,Diversified Financials,-25.935483870967733
PNV,PNV,POLYNOVO LIMITED,6/30/2016,14569.999999999998,"Pharmaceuticals, Biotechnology & Life Sciences",0.036326250856751216
PVL,PVL,POWERHOUSE VENTURES LIMITED,6/30/2016,102.0,Commercial & Professional Services,-25.45654807798216
PDZ,PDZ,PRAIRIE MINING LIMITED,6/30/2016,788.0,Materials,131.51263383297646
PTX,PTX,PRESCIENT THERAPEUTICS LIMITED,6/30/2016,299.0,"Pharmaceuticals, Biotechnology & Life Sciences",-24.795918367346932
PFG,PFG,PRIME FINANCIAL GROUP LIMITED,6/30/2017,40.0,Diversified Financials,-14.25091352009744
PGX,PGX,PRIMERO GROUP LIMITED,6/30/2017,57.99999999999999,Capital Goods,
PME,PME,PRO MEDICUS LIMITED,6/30/2016,56.99999999999999,Health Care Equipment & Services,23.66478023793787
PPG,PPG,PRO-PAC PACKAGING LIMITED,6/30/2018,62.0,Materials,0.0
PRX,PRX,PRODIGY GOLD NL,6/30/2016,9113.0,Materials,50.78693790149893
PFP,PFP,PROPEL FUNERAL PARTNERS LIMITED,6/30/2016,106.0,Consumer Services,
PLG,PLG,PROPERTYLINK GROUP,6/30/2015,76.0,Real Estate,
PIQ,PIQ,PROTEOMICS INTERNATIONAL LABORATORIES LTD,6/30/2016,45.0,"Pharmaceuticals, Biotechnology & Life Sciences",-22.35156544700113
PPL,PPL,PUREPROFILE LTD,6/30/2016,193.0,Software & Services,-35.17272727272727
PPH,PPH,PUSHPAY HOLDINGS LIMITED,3/31/2016,475.0,Software & Services,31.786016949152547
PWH,PWH,PWR HOLDINGS LIMITED,6/30/2016,46.0,Automobiles & Components,-17.613642564802188
QMS,QMS,QMS MEDIA LIMITED,6/30/2016,1493.0,Media,-12.089723510164838
QST,QST,QUEST INVESTMENTS LIMITED,6/30/2016,162.0,Diversified Financials,
QVE,QVE,QV EQUITIES LIMITED,6/30/2016,61.0,Not Applic,8.823600303009437
RMS,RMS,RAMELIUS RESOURCES LIMITED,6/30/2016,33.0,Materials,3.679603277274688
RBR,RBR,RBR GROUP LIMITED,6/30/2016,363.0,Materials,-30.53903345724905
RCR,RCR,RCR TOMLINSON LIMITED,6/30/2017,42.0,Capital Goods,-5.8319813782887735
RCL,RCL,READCLOUD LIMITED,6/30/2016,75.0,Software & Services,
RLE,RLE,REAL ENERGY CORPORATION LIMITED,6/30/2015,1087.0,Energy,-34.671590609337905
RCE,RCE,RECCE PHARMACEUTICALS LTD,6/30/2016,55.00000000000001,"Pharmaceuticals, Biotechnology & Life Sciences",-17.818775510204073
RFT,RFT,RECTIFIER TECHNOLOGIES LTD,6/30/2016,35.0,Capital Goods,4.430512016718911
RED,RED,RED 5 LIMITED,6/30/2015,38950.0,Materials,15.958597976946606
RHI,RHI,RED HILL IRON LIMITED,6/30/2017,234.0,Materials,-16.63802905874921
RDM,RDM,RED METAL LIMITED,6/30/2015,151.0,Materials,90.54561717352414
RMX,RMX,RED MOUNTAIN MINING LIMITED,6/30/2016,185.0,Materials,-27.846420323325624
RVR,RVR,RED RIVER RESOURCES LIMITED,6/30/2016,191.0,Materials,58.98387096774198
RBL,RBL,REDBUBBLE LIMITED,6/30/2016,61.0,Software & Services,-15.315133531157274
RFX,RFX,REDFLOW LIMITED,6/30/2016,747.0,Capital Goods,-57.08396868964117
RFN,RFN,REFFIND LIMITED,6/30/2016,2601.0,Software & Services,-87.98160788775125
RGP,RGP,REFRESH GROUP LIMITED,6/30/2018,42.0,"Food, Beverage & Tobacco",0.0
RGS,RGS,REGENEUS LTD,6/30/2017,436.00000000000006,"Pharmaceuticals, Biotechnology & Life Sciences",1.9150141643059493
RD1,RD1,REGISTRY DIRECT LIMITED,6/30/2016,50.0,Software & Services,
RNU,RNU,RENASCOR RESOURCES LIMITED,6/30/2016,52.0,Energy,-9.021276595744672
RNT,RNT,RENT.COM.AU LIMITED,6/30/2016,150.0,Software & Services,-50.72278592008018
RDG,RDG,RESOURCE DEVELOPMENT GROUP LIMITED,6/30/2018,74.0,Materials,0.0
RSH,RSH,RESPIRI LIMITED,6/30/2016,621.0,Health Care Equipment & Services,-5.096153846153845
RBD,RBD,RESTAURANT BRANDS NEW ZEALAND LIMITED,2/26/2018,48.0,Consumer Services,0.0
RFG,RFG,RETAIL FOOD GROUP LIMITED,6/30/2016,36.0,Consumer Services,-13.954548416525473
REF,REF,REVERSE CORP LIMITED,6/30/2018,34.0,Telecommunication Services,0.0
RWD,RWD,REWARD MINERALS LTD,12/31/2015,47.0,Materials,-31.88306208559373
RXH,RXH,REWARDLE HOLDINGS LIMITED,6/30/2016,378.0,Software & Services,-73.43016759776535
RNO,RNO,RHINOMED LIMITED,6/30/2016,134.0,"Pharmaceuticals, Biotechnology & Life Sciences",-14.269230769230768
RMY,RMY,RMA GLOBAL LIMITED,6/30/2017,303.0,Software & Services,
RMG,RMG,RMG LIMITED,6/30/2017,143.0,Materials,29.012875536480664
RXP,RXP,RXP SERVICES LIMITED,6/30/2016,61.0,Software & Services,14.685986502580382
SNC,SNC,SANDON CAPITAL INVESTMENTS LIMITED,6/30/2016,367.0,Not Applic,13.629156999226606
SAR,SAR,SARACEN MINERAL HOLDINGS LIMITED,6/30/2017,53.0,Materials,51.46525397320036
SND,SND,SAUNDERS INTERNATIONAL LIMITED,6/30/2018,65.0,Capital Goods,0.0
SYA,SYA,SAYONA MINING LIMITED,6/30/2015,40.0,Materials,134.34027777777774
SCG,SCG,SCENTRE GROUP,12/31/2015,32.0,Real Estate,17.562418379685607
SFC,SFC,SCHAFFER CORPORATION LIMITED,6/30/2016,36.0,Automobiles & Components,46.56529693731932
SDV,SDV,SCIDEV LTD,6/30/2017,35.0,Materials,-39.5115332428765
SLK,SLK,SEALINK TRAVEL GROUP LIMITED,6/30/2016,59.0,Consumer Services,-1.3984846482533817
SWF,SWF,SELFWEALTH LIMITED,6/30/2016,112.0,Diversified Financials,
SXY,SXY,SENEX ENERGY LIMITED,6/30/2018,61.0,Energy,0.0
SVW,SVW,SEVEN GROUP HOLDINGS LIMITED,6/30/2018,51.0,Capital Goods,0.0
SRO,SRO,SHAREROOT LTD,6/30/2016,468.0,Software & Services,-72.37553342816499
SSG,SSG,SHAVER SHOP GROUP LIMITED,6/30/2016,69.0,Retailing,-44.065198543436786
SHI,SHI,SHINE METALS LIMITED,12/31/2015,7064.0,Capital Goods,
SDX,SDX,SIENNA CANCER DIAGNOSTICS LIMITED,6/30/2016,42.0,"Pharmaceuticals, Biotechnology & Life Sciences",
SRI,SRI,SIPA RESOURCES LIMITED,6/30/2016,42.0,Materials,-44.5378151260504
SRX,SRX,SIRTEX MEDICAL LIMITED,6/30/2016,32.0,"Pharmaceuticals, Biotechnology & Life Sciences",-48.42736185953638
SAM,SAM,SIV ASSET MANAGEMENT LIMITED,6/30/2015,54.0,Diversified Financials,
SKN,SKN,SKIN ELEMENTS LIMITED,6/30/2017,73.0,Household & Personal Products,-53.25341155464861
SKF,SKF,SKYFII LTD,6/30/2016,255.0,Software & Services,-22.69877049180328
SM8,SM8,SMART MARINE SYSTEMS LIMITED,6/30/2016,106.0,Technology Hardware & Equipment,-57.12430720506728
SPZ,SPZ,SMART PARKING LIMITED,6/30/2016,34.0,Technology Hardware & Equipment,-4.205198358413134
SIQ,SIQ,SMARTGROUP CORPORATION LTD,12/31/2016,61.0,Commercial & Professional Services,36.393883375494596
SXX,SXX,SOUTHERN CROSS EXPLORATION N.L.,6/30/2015,69.0,Materials,123.3620689655172
SVM,SVM,SOVEREIGN METALS LIMITED,6/30/2017,154.0,Materials,-4.523312456506611
ST1,ST1,SPIRIT TELECOM LIMITED,6/30/2016,43.0,Telecommunication Services,13.791225416036305
SPL,SPL,STARPHARMA HOLDINGS LIMITED,6/30/2016,170.0,"Pharmaceuticals, Biotechnology & Life Sciences",39.220916929430494
SDF,SDF,STEADFAST GROUP LIMITED,6/30/2016,52.0,Insurance,35.121340117116254
STA,STA,STRANDLINE RESOURCES LIMITED,6/30/2017,949.0,Materials,85.8
SER,SER,STRATEGIC ENERGY RESOURCES LIMITED,6/30/2018,858.0,Materials,0.0
SGO,SGO,STREAM GROUP LIMITED,6/30/2018,102.0,Software & Services,0.0
SMN,SMN,STRUCTURAL MONITORING SYSTEMS PLC,6/30/2016,6498.0,Technology Hardware & Equipment,-27.04770300715054
SGU,SGU,SUCCESS GLOBAL MEDIA LIMITED,12/31/2015,117.0,Consumer Services,
SDG,SDG,SUNLAND GROUP LIMITED,6/30/2017,59.0,Real Estate,2.561349012646994
STM,STM,SUNSTONE METALS LTD,6/30/2017,534.0,Materials,87.21868365180464
SLC,SLC,SUPERLOOP LIMITED,6/30/2016,100914.0,Telecommunication Services,1.3865325077399382
SW1,SW1,SWIFT NETWORKS GROUP LIMITED,6/30/2016,941.0,Technology Hardware & Equipment,62.164637116414966
SOP,SOP,SYNERTEC CORPORATION LIMITED,6/30/2016,47.0,Commercial & Professional Services,75.44815465729343
SM1,SM1,SYNLAIT MILK LIMITED,7/31/2017,39.0,"Food, Beverage & Tobacco",101.07515503707884
TAH,TAH,TABCORP HOLDINGS LIMITED,6/30/2018,71.0,Consumer Services,0.0
TMK,TMK,TAMASKA OIL AND GAS LTD,6/30/2015,87.0,Energy,
TAM,TAM,TANAMI GOLD NL,6/30/2017,328.0,Materials,-28.5239985564778
TAR,TAR,TARUGA MINERALS LIMITED,6/30/2015,40.0,Materials,-60.495596615437755
TFL,TFL,TASFOODS LIMITED,12/31/2015,126.0,"Food, Beverage & Tobacco",-4.422758620689657
TGR,TGR,TASSAL GROUP LIMITED,6/30/2016,39.0,"Food, Beverage & Tobacco",2.1605348043569728
TAW,TAW,TAWANA RESOURCES NL,12/31/2017,223.0,Materials,68.58029480217222
TDL,TDL,TBG DIAGNOSTICS LIMITED,12/31/2017,49.0,"Pharmaceuticals, Biotechnology & Life Sciences",-53.388981636060116
TMP,TMP,TECH MPIRE LIMITED,6/30/2016,171.0,Media,-24.786342472840136
TCN,TCN,TECHNICHE LIMITED.,6/30/2018,62.0,Diversified Financials,0.0
TPW,TPW,TEMPLE & WEBSTER GROUP LTD,6/30/2016,95.0,Retailing,1.2316034082106893
TPP,TPP,TEMPO AUSTRALIA LTD,12/31/2015,393.0,Commercial & Professional Services,220.1988950276244
TMX,TMX,TERRAIN MINERALS LIMITED,6/30/2017,97.0,Materials,-20.88353413654617
TBH,TBH,THE BETMAKERS HOLDINGS LTD,6/30/2016,156.0,Consumer Services,46.81940144478841
DXN,DXN,THE DATA EXCHANGE NETWORK LIMITED,6/30/2018,782.0,Software & Services,0.0
TNK,TNK,THINK CHILDCARE LIMITED,12/31/2015,168.0,Consumer Services,73.10169165705497
TMZ,TMZ,THOMSON RESOURCES LIMITED,6/30/2017,51.0,Materials,-10.588670862643466
THX,THX,THUNDELARRA LIMITED,9/30/2015,56.99999999999999,Materials,-35.83410780669145
TIA,TIA,TIAN AN AUSTRALIA LIMITED,6/30/2016,109.0,Real Estate,20.816371144036935
TKF,TKF,TIKFORCE LIMITED,6/30/2016,105.0,Software & Services,-49.23814743765415
TFG,TFG,TOTAL FACE GROUP LIMITED,6/30/2016,302.0,Consumer Services,
TPM,TPM,TPG TELECOM LIMITED,7/31/2015,31.0,Telecommunication Services,10.948921679909198
TSN,TSN,TRANSACTION SOLUTIONS INTERNATIONAL LIMITED,3/31/2018,5713.0,Software & Services,0.0
TBR,TBR,TRIBUNE RESOURCES LIMITED,6/30/2016,34.0,Materials,12.547434795070222
TRM,TRM,TRUSCOTT MINING CORPORATION LIMITED,6/30/2016,152.0,Materials,-19.90932642487047
TSC,TSC,TWENTY SEVEN CO. LIMITED,6/30/2017,160.0,Energy,-1.1818181818181812
TYK,TYK,TYCHEAN RESOURCES LTD,6/30/2016,1671.0,Materials,-29.62732919254657
TYX,TYX,TYRANNA RESOURCES LIMITED,6/30/2015,5547.0,Materials,41.7252931323283
TZL,TZL,TZ LIMITED,6/30/2016,37.0,Technology Hardware & Equipment,-54.21451709658071
UIL,UIL,UIL ENERGY LTD,6/30/2015,396.0,Energy,-2.908327953518399
UOS,UOS,UNITED OVERSEAS AUSTRALIA LIMITED,12/31/2015,53.0,Real Estate,1.3710273466371028
UNV,UNV,UNIVERSAL COAL PLC,6/30/2016,30.0,Energy,-7.446761800219539
URF,URF,US MASTERS RESIDENTIAL PROPERTY FUND,12/31/2015,164.0,Real Estate,-3.5592185592185586
UCM,UCM,USCOM LIMITED,6/30/2016,44.0,Health Care Equipment & Services,-15.964897959183672
VMX,VMX,VALMEC LIMITED,6/30/2017,43.0,Energy,94.30457440648527
VAN,VAN,VANGO MINING LIMITED,6/30/2015,60.0,Materials,219.11940298507446
VAR,VAR,VARISCAN MINES LIMITED,6/30/2015,66.0,Materials,-20.661016949152547
VMS,VMS,VENTURE MINERALS LIMITED,6/30/2017,47.0,Materials,10.116731517509725
VXR,VXR,VENTUREX RESOURCES LIMITED,6/30/2015,120.0,Materials,65.66666666666671
VMC,VMC,VENUS METALS CORPORATION LIMITED,6/30/2016,425.0,Materials,-27.63947078280044
VRI,VRI,VERILUMA LIMITED,6/30/2017,1850.0,Software & Services,
VRS,VRS,VERIS LIMITED,6/30/2016,75.0,Commercial & Professional Services,-27.66007840574976
VCX,VCX,VICINITY CENTRES,6/30/2016,54.0,Real Estate,-11.470531400966186
VIG,VIG,VICTOR GROUP HOLDINGS LIMITED,6/30/2017,64.0,Software & Services,
VGL,VGL,VISTA GROUP INTERNATIONAL LIMITED.,12/31/2015,39.0,Software & Services,21.992597521417288
VVR,VVR,VIVA ENERGY REIT,12/31/2017,49.0,Real Estate,-7.800440454006438
VIV,VIV,VIVID TECHNOLOGY LIMITED,6/30/2016,251.0,Capital Goods,-28.29406501640323
VOC,VOC,VOCUS GROUP LIMITED,6/30/2016,454.0,Telecommunication Services,-54.29029318335677
VPG,VPG,VODAFONE GROUP PLC.,6/30/2008,402.0,Not Applic,
VRC,VRC,VOLT RESOURCES LIMITED,6/30/2016,404.0,Materials,-51.01440922190203
WAM,WAM,WAM CAPITAL LIMITED,6/30/2016,124.0,Diversified Financials,1.4299390774586602
SOL,SOL,WASHINGTON H SOUL PATTINSON & COMPANY LIMITED,7/31/2017,44.0,Energy,14.885819128522215
WMK,WMK,WATERMARK MARKET NEUTRAL FUND LIMITED,6/30/2016,241.0,Not Applic,-2.0193236714975846
WEB,WEB,WEBJET LIMITED,6/30/2017,34.0,Retailing,10.240972080005461
WBA,WBA,WEBSTER LIMITED,6/30/2016,105.0,"Food, Beverage & Tobacco",14.57416719044626
WLL,WLL,WELLCOM GROUP LIMITED,6/30/2016,35.0,Commercial & Professional Services,-9.018965645726214
WWI,WWI,WEST WITS MINING LIMITED,6/30/2015,150.0,Materials,66.24999999999996
WHC,WHC,WHITEHAVEN COAL LIMITED,6/30/2016,52.0,Energy,103.95492246664264
WND,WND,WINDLAB LIMITED,12/31/2015,78.0,Utilities,
WNR,WNR,WINGARA AG LTD,6/30/2016,262.0,"Food, Beverage & Tobacco",-57.8125
WFE,WFE,WINMAR RESOURCES LIMITED,6/30/2016,790.0,Materials,
WTC,WTC,WISETECH GLOBAL LIMITED,6/30/2016,47.0,Software & Services,54.861069645338965
WZR,WZR,WISR LIMITED,6/30/2016,406.0,Diversified Financials,-30.028328611897997
WMC,WMC,WONHE MULTIMEDIA COMMERCE LTD,12/31/2015,668.0,Technology Hardware & Equipment,-48.66666666666666
WPP,WPP,WPP AUNZ LTD,12/31/2016,91.0,Media,7.368983957219251
XPD,XPD,XPD SOCCER GEAR GROUP LIMITED,12/31/2015,36.0,Consumer Durables & Apparel,
XPE,XPE,XPED LIMITED,6/30/2017,9493.0,Software & Services,-78.27956989247306
XF1,XF1,XREF LIMITED,6/30/2016,256.0,Software & Services,9.968236973590288
XST,XST,XSTATE RESOURCES LIMITED,12/31/2017,364.0,Energy,-34.057507987220426
XTD,XTD,XTD LTD,6/30/2016,185.0,Media,-59.6050105147664
XTE,XTE,XTEK LIMITED.,6/30/2017,169.0,Capital Goods,25.17330944917151
YAL,YAL,YANCOAL AUSTRALIA LIMITED,12/31/2017,111.0,Energy,-21.77079995727865
YPB,YPB,YPB GROUP LTD,12/31/2015,908.0,Commercial & Professional Services,-24.85019455252918
ZLD,ZLD,ZELDA THERAPEUTICS LIMITED,6/30/2018,214.0,"Pharmaceuticals, Biotechnology & Life Sciences",0.0
ZEN,ZEN,ZENITH ENERGY LIMITED,6/30/2018,65.0,Utilities,0.0
ZNC,ZNC,ZENITH MINERALS LIMITED,6/30/2017,131.0,Materials,62.743055555555586
ZER,ZER,ZETA RESOURCES LIMITED,6/30/2018,150.0,Not Applic,0.0
ZIP,ZIP,ZIPTEL LIMITED,6/30/2016,53.0,Telecommunication Services,-86.90579424517145
